DROP TABLE "MSG";
DROP TABLE "NOTICE";
DROP TABLE "BOARD_LIKE";
DROP TABLE "BOARD_IMG";
DROP TABLE "REPLY";
DROP TABLE "BOARD";


DROP TABLE RESTAURANT;
DROP TABLE LEPORTS;
DROP TABLE TOUR_SPOT;
DROP TABLE LODGING;
DROP TABLE TOUR_IMG;
DROP TABLE TOUR_REVIEW;
DROP TABLE PLAN_DETAIL;
DROP TABLE PLANNER;
DROP TABLE TOUR;
DROP TABLE CITY;
DROP TABLE DISTRICTS;
DROP TABLE "MEMBER";

--  BOARD 시퀀스
DROP SEQUENCE SEQ_BOARD_NO;
CREATE SEQUENCE SEQ_BOARD_NO;
--  REPLY 시퀀스
DROP SEQUENCE SEQ_REPLY_NO;
CREATE SEQUENCE SEQ_REPLY_NO;
--  BOARD_IMG 시퀀스
DROP SEQUENCE SEQ_BOARD_IMG_NO;
CREATE SEQUENCE SEQ_BOARD_IMG_NO;
--  NOTICE 시퀀스
DROP SEQUENCE SEQ_NOTICE_NO;
CREATE SEQUENCE SEQ_NOTICE_NO;
--  NOTICE 시퀀스
DROP SEQUENCE SEQ_MSG_NO;
CREATE SEQUENCE SEQ_MSG_NO;

DROP SEQUENCE TOUR_DNO;
DROP SEQUENCE R_DNO;
DROP SEQUENCE L_DNO;
DROP SEQUENCE A_DNO;
DROP SEQUENCE DETAIL_NO;
DROP SEQUENCE TIMG_NO;
DROP SEQUENCE TREVIEW_NO;
DROP SEQUENCE PLAN_DETAIL_NO;
DROP SEQUENCE PLANNER_NO;
DROP SEQUENCE SIGUNGU_CODE_NO;
DROP SEQUENCE CITY_SEQ_NO;
DROP SEQUENCE SEQ_TOUR_REVIEW_NO;
DROP SEQUENCE SEQ_USER_NO;

CREATE SEQUENCE SEQ_USER_NO;

CREATE SEQUENCE SIGUNGU_CODE_NO
NOCACHE
NOCYCLE;

CREATE SEQUENCE CITY_SEQ_NO
NOCACHE
NOCYCLE;

CREATE SEQUENCE TOUR_DNO
NOCACHE
NOCYCLE;

CREATE SEQUENCE R_DNO
NOCACHE
NOCYCLE;

CREATE SEQUENCE L_DNO
NOCACHE
NOCYCLE;

CREATE SEQUENCE A_DNO
NOCACHE
NOCYCLE;

CREATE SEQUENCE DETAIL_NO
NOCACHE
NOCYCLE;

CREATE SEQUENCE TIMG_NO
NOCACHE
NOCYCLE;

CREATE SEQUENCE TREVIEW_NO
NOCACHE
NOCYCLE;

CREATE SEQUENCE PLAN_DETAIL_NO
NOCACHE
NOCYCLE;

CREATE SEQUENCE PLANNER_NO
NOCACHE
NOCYCLE;

CREATE SEQUENCE SEQ_TOUR_REVIEW_NO
NOCACHE
NOCYCLE;


-- 회원 테이블
CREATE TABLE MEMBER(
    USER_NO NUMBER PRIMARY KEY,
    USER_ID VARCHAR2(12) NOT NULL,
    USER_PWD VARCHAR2(100) NOT NULL,
    NICK_NAME VARCHAR2(30) NOT NULL,
    NAME VARCHAR2(20) NOT NULL,
    AGE NUMBER NOT NULL,
    EMAIL VARCHAR2(50) NOT NULL,
    PHONE CHAR(11) NOT NULL,
    ADDRESS VARCHAR2(300) NOT NULL,
    GENDER CHAR(3) NOT NULL CHECK(GENDER IN('남', '여')), 
    CHANGE_NAME VARCHAR2(100) DEFAULT NULL,
    PROFILE_IMAGE VARCHAR2(300),
    CREATE_DATE DATE DEFAULT SYSDATE,
    MODIFY_DATE DATE DEFAULT SYSDATE,
    MSG_STATUS CHAR(1) DEFAULT 'Y' CHECK(MSG_STATUS IN('Y','N')),
    STATUS CHAR(1) DEFAULT 'Y' CHECK(STATUS IN('Y','N'))
);
COMMENT ON COLUMN MEMBER.USER_NO IS '사용자번호';
COMMENT ON COLUMN MEMBER.USER_ID IS '아이디';
COMMENT ON COLUMN MEMBER.USER_PWD IS '비밀번호';
COMMENT ON COLUMN MEMBER.NICK_NAME IS '닉네임';
COMMENT ON COLUMN MEMBER.NAME IS '이름';
COMMENT ON COLUMN MEMBER.AGE IS '나이';
COMMENT ON COLUMN MEMBER.EMAIL IS '이메일';
COMMENT ON COLUMN MEMBER.PHONE IS '전화번호';
COMMENT ON COLUMN MEMBER.ADDRESS IS '주소';
COMMENT ON COLUMN MEMBER.GENDER IS '성별';
COMMENT ON COLUMN MEMBER.CHANGE_NAME IS '파일명 및 경로';
COMMENT ON COLUMN MEMBER.CREATE_DATE IS '회원가입일';
COMMENT ON COLUMN MEMBER.MODIFY_DATE IS '회원정보수정일';
COMMENT ON COLUMN MEMBER.MSG_STATUS IS '채팅메세지여부';
COMMENT ON COLUMN MEMBER.STATUS IS '탈퇴여부';

CREATE TABLE DISTRICTS(
   LCODE_NO NUMBER CONSTRAINT DISTRICTS_PK PRIMARY KEY,
   LOCATION_NAME VARCHAR2(100) CONSTRAINT LNAME_NN NOT NULL,
   LOCATION_XX NUMBER,
   LOCATION_YY NUMBER
);

CREATE TABLE CITY(
    SIGUNGU_CODE_NO NUMBER CONSTRAINT CITY_PK PRIMARY KEY,
    SIGUNGU_CODE NUMBER CONSTRAINT CITY_CODE_NN NOT NULL,
    SIGUNGU_NAME VARCHAR2(80),
    CITY_XX NUMBER,
    CITY_YY NUMBER,
    REF_LCODE NUMBER CONSTRAINT FK_CITY REFERENCES DISTRICTS(LCODE_NO)
);

CREATE TABLE TOUR(
    TOUR_NO NUMBER CONSTRAINT TOUR_PK PRIMARY KEY,
    TOUR_NAME VARCHAR2(200),
    ADDRESS VARCHAR2(200),
    ADD_DATE DATE DEFAULT SYSDATE,
    CONTENT_ID VARCHAR2(100),
    THUMB_IMG VARCHAR2(200),
    MAP_X NUMBER,
    MAP_Y NUMBER,
    TOUR_TYPE VARCHAR2(50),
    STATUS CHAR(1) DEFAULT 'Y',
    REF_AREA NUMBER CONSTRAINT FK_AREA REFERENCES DISTRICTS(LCODE_NO),
    REF_CITY NUMBER 
);
CREATE TABLE TOUR_SPOT(
    SPOT_NO NUMBER CONSTRAINT TSPOT_PK PRIMARY KEY,
    SEASON VARCHAR2(100),
    USE_TIME VARCHAR2(100),
    TEL VARCHAR2(40),
    PET CHAR(1),
    REF_TNO NUMBER CONSTRAINT FK_SPOT REFERENCES TOUR(TOUR_NO)
);

CREATE TABLE LODGING(
    L_NO NUMBER CONSTRAINT LODGING_PK PRIMARY KEY,
    ROOM_TYPE CHAR(9),
    CHECK_IN VARCHAR2(30),
    CHECK_OUT VARCHAR2(30),
    COOK CHAR(1),
    TEL VARCHAR2(40),
    PARKING CHAR(1),
    REF_TNO NUMBER CONSTRAINT FK_LODGING REFERENCES TOUR(TOUR_NO)
);

CREATE TABLE LEPORTS(
    L_NO NUMBER CONSTRAINT LEPORTS_PK PRIMARY KEY,
    USE_TIME VARCHAR2(100),
    PARKING CHAR(1),
    PET CHAR(1),
    TEL VARCHAR2(40),
    REF_TNO NUMBER CONSTRAINT FK_LEPORTS REFERENCES TOUR(TOUR_NO)
);

CREATE TABLE RESTAURANT(
    RD_NO NUMBER CONSTRAINT RD_PK PRIMARY KEY,
    KID_ROOM CHAR(1),
    FIRST_MENU VARCHAR2(100),
    TREAT_MENU VARCHAR2(100),
    TEL VARCHAR2(40),
    OPEN_TIME VARCHAR2(100),
    REST_DATE VARCHAR2(100),
    REF_TNO NUMBER CONSTRAINT FK_REST REFERENCES TOUR(TOUR_NO)
);

CREATE TABLE TOUR_IMG(
    TIMG_NO NUMBER CONSTRAINT TIMG_PK PRIMARY KEY,
    CHANGE_NO VARCHAR2(200),
    IMG_URL VARCHAR2(200),
    STATUS CHAR(1) DEFAULT 'Y' CHECK(STATUS IN('Y','N')),
    REF_TNO NUMBER CONSTRAINT FK_TOUR_IMG REFERENCES TOUR(TOUR_NO)
);

CREATE TABLE TOUR_REVIEW(

    REVIEW_NO NUMBER PRIMARY KEY,
    REVIEW_TITLE VARCHAR2(100),
    REVIEW_CONTENT VARCHAR2(100),
    CREATE_DATE DATE DEFAULT SYSDATE,
    SCORE NUMBER,
    STATUS VARCHAR2(1) DEFAULT 'Y' NOT NULL,
    TOUR_NO NUMBER,
    USER_NO NUMBER,
    FOREIGN KEY(USER_NO) REFERENCES MEMBER(USER_NO),
    FOREIGN KEY(TOUR_NO) REFERENCES TOUR(TOUR_NO)
);

CREATE TABLE PLANNER(
    PLAN_NO NUMBER CONSTRAINT PLAN_PK PRIMARY KEY,
    PLAN_NAME VARCHAR2(100),
    PLAN_EXP VARCHAR2(300),
    START_DATE VARCHAR2(40),
    END_DATE VARCHAR2(40),
    AREA_CODE NUMBER,
    SIGUNGUCODENO NUMBER,
    CHANGE_NAME VARCHAR2(300),
    PL_STATUS CHAR(1) DEFAULT 'Y',
    CREATE_DATE DATE DEFAULT SYSDATE,
    COUNT NUMBER DEFAULT 0,
    STATUS CHAR(1) DEFAULT 'Y',
    REF_UNO NUMBER CONSTRAINT FK_PLANNER REFERENCES MEMBER(USER_NO)
);

CREATE TABLE PLAN_DETAIL(
    DETAIL_NO NUMBER CONSTRAINT PDETAIL_PK PRIMARY KEY,
    START_TIME VARCHAR2(100),
    END_TIME VARCHAR2(100),
    PLAN_DATE DATE,
    TIME_AMOUNT NUMBER,
    DAY_COUNT NUMBER,
    REF_TNO NUMBER CONSTRAINT FK_PDETAIL_TOUR REFERENCES TOUR(TOUR_NO),
    REF_PNO NUMBER CONSTRAINT FK_PDETAIL_PLAN REFERENCES PLANNER(PLAN_NO)
);

INSERT INTO DISTRICTS
            VALUES(1,'서울',126.979808,37.56629);
INSERT INTO DISTRICTS
            VALUES(2,'인천',126.705206,37.456255);
INSERT INTO DISTRICTS
            VALUES(3,'대전',127.384548,36.350411);            
INSERT INTO DISTRICTS
            VALUES(4,'대구',128.6014,35.8714);
INSERT INTO DISTRICTS
            VALUES(5,'광주',126.8515,35.1606);
INSERT INTO DISTRICTS
            VALUES(6,'부산',129.0756,35.1796);
INSERT INTO DISTRICTS
            VALUES(7,'울산',129.3114,35.5394);
INSERT INTO DISTRICTS
            VALUES(8,'세종특별자치시',127.2895,36.4804);
INSERT INTO DISTRICTS
            VALUES(31,'경기도',126.979808,37.56629);
INSERT INTO DISTRICTS
            VALUES(32,'강원특별자치도',128.1555,37.8228);
INSERT INTO DISTRICTS
            VALUES(33,'충청북도',127.4910,36.6359);
INSERT INTO DISTRICTS
            VALUES(34,'충청남도',126.8000,36.5184);
INSERT INTO DISTRICTS
            VALUES(35,'경상북도',128.7063,36.3563);
INSERT INTO DISTRICTS
            VALUES(36,'경상남도',128.8812,35.2383);
INSERT INTO DISTRICTS
            VALUES(37,'전북특별자치도',127.1530,35.7175);
INSERT INTO DISTRICTS
            VALUES(38,'전라남도',126.3922,34.8148);
INSERT INTO DISTRICTS
            VALUES(39,'제주도',126.5312,33.0996);

INSERT INTO CITY VALUES(CITY_SEQ_NO.NEXTVAL,1,'가평군',127.5117777778,37.8288305556,31);
INSERT INTO CITY VALUES(CITY_SEQ_NO.NEXTVAL,2,'고양시',126.7770555556,37.6559083333,31);
INSERT INTO CITY VALUES(CITY_SEQ_NO.NEXTVAL,3,'과천시',126.9898	,37.4263722222222,31);
INSERT INTO CITY VALUES(CITY_SEQ_NO.NEXTVAL,4,'광명시',126.866708333333	,37.47575,31);
INSERT INTO CITY VALUES(CITY_SEQ_NO.NEXTVAL,5,'광주시',127.257786111111	,37.4145055555555,31);
INSERT INTO CITY VALUES(CITY_SEQ_NO.NEXTVAL,6,'구리시',127.131863888888	,37.591625,31);
INSERT INTO CITY VALUES(CITY_SEQ_NO.NEXTVAL,7,'군포시',126.9375	,37.3586583333333,31);
INSERT INTO CITY VALUES(CITY_SEQ_NO.NEXTVAL,8,'김포시',126.717777777777	,37.6124583333333,31);
INSERT INTO CITY VALUES(CITY_SEQ_NO.NEXTVAL,9,'남양주시',127.218633333333	,37.6331777777777,31);
INSERT INTO CITY VALUES(CITY_SEQ_NO.NEXTVAL,10,'동두천시',127.062652777777	,37.9009166666666,31);
INSERT INTO CITY VALUES(CITY_SEQ_NO.NEXTVAL,11,'부천시',126.766	,37.5035917,31);
INSERT INTO CITY VALUES(CITY_SEQ_NO.NEXTVAL,12,'성남시',127.147719444444	,37.4474916666666,31);
INSERT INTO CITY VALUES(CITY_SEQ_NO.NEXTVAL,13,'수원시',127.012222222222	,37.3010111111111,31);
INSERT INTO CITY VALUES(CITY_SEQ_NO.NEXTVAL,14,'시흥시',126.805077777777	,37.3773194444444,31);
INSERT INTO CITY VALUES(CITY_SEQ_NO.NEXTVAL,15,'안산시',126.846819444444	,37.2985194444444,31);
INSERT INTO CITY VALUES(CITY_SEQ_NO.NEXTVAL,16,'안성시',127.281844444444	,37.005175,31);
INSERT INTO CITY VALUES(CITY_SEQ_NO.NEXTVAL,17,'안양시',126.953355555555	,37.3897,31);
INSERT INTO CITY VALUES(CITY_SEQ_NO.NEXTVAL,18,'양주시',127.047819444444	,37.78245,31);
INSERT INTO CITY VALUES(CITY_SEQ_NO.NEXTVAL,19,'양평군',127.489886111111	,37.4889361111111,31);
INSERT INTO CITY VALUES(CITY_SEQ_NO.NEXTVAL,20,'여주시',127.639622222222	,37.2953583333333,31);
INSERT INTO CITY VALUES(CITY_SEQ_NO.NEXTVAL,21,'연천군',127.077066666666	,38.0933638888888,31);
INSERT INTO CITY VALUES(CITY_SEQ_NO.NEXTVAL,22,'오산시',127.079641666666	,37.1469138888888,31);
INSERT INTO CITY VALUES(CITY_SEQ_NO.NEXTVAL,23,'용인시',127.203844444444	,37.2314777777777,31);
INSERT INTO CITY VALUES(CITY_SEQ_NO.NEXTVAL,24,'의왕시',126.970388888888	,37.34195,31);
INSERT INTO CITY VALUES(CITY_SEQ_NO.NEXTVAL,25,'의정부시',127.035841666666	,37.7352888888888,31);
INSERT INTO CITY VALUES(CITY_SEQ_NO.NEXTVAL,26,'이천시',127.443219444444	,37.2754361111111,31);
INSERT INTO CITY VALUES(CITY_SEQ_NO.NEXTVAL,27,'파주시',126.781952777777	,37.7570833333333,31);
INSERT INTO CITY VALUES(CITY_SEQ_NO.NEXTVAL,28,'평택시',127.114655555555	,36.9894388888888,31);
INSERT INTO CITY VALUES(CITY_SEQ_NO.NEXTVAL,29,'포천시',127.202419444444	,37.8921555555555,31);
INSERT INTO CITY VALUES(CITY_SEQ_NO.NEXTVAL,30,'하남시',127.217	,37.5364972222222,31);
INSERT INTO CITY VALUES(CITY_SEQ_NO.NEXTVAL,31,'화성시',126.833530555555	,37.1968166666666,31);

INSERT INTO CITY VALUES(CITY_SEQ_NO.NEXTVAL,1,'강릉',128.878497222222	,37.7491361111111,32);
INSERT INTO CITY VALUES(CITY_SEQ_NO.NEXTVAL,2,'고성군',128.470163888888	,38.3779611111111,32);
INSERT INTO CITY VALUES(CITY_SEQ_NO.NEXTVAL,3,'동해시',129.116633333333	,37.5219305555555,32);
INSERT INTO CITY VALUES(CITY_SEQ_NO.NEXTVAL,4,'삼척시',129.167488888888	,37.4470861111111,32);
INSERT INTO CITY VALUES(CITY_SEQ_NO.NEXTVAL,5,'속초시',128.594166666666	,38.204275,32);
INSERT INTO CITY VALUES(CITY_SEQ_NO.NEXTVAL,6,'양구군',127.992244444444	,38.1072916666666,32);
INSERT INTO CITY VALUES(CITY_SEQ_NO.NEXTVAL,7,'양양군',128.621355555555	,38.0728333333333,32);
INSERT INTO CITY VALUES(CITY_SEQ_NO.NEXTVAL,8,'영월군',128.464019444444	,37.1808611111111,32);
INSERT INTO CITY VALUES(CITY_SEQ_NO.NEXTVAL,9,'원주시',127.922055555555	,37.3390833333333,32);
INSERT INTO CITY VALUES(CITY_SEQ_NO.NEXTVAL,10,'인제군',128.172697222222	,38.0669722222222,32);
INSERT INTO CITY VALUES(CITY_SEQ_NO.NEXTVAL,11,'정선군',128.663086111111	,37.3778083333333,32);
INSERT INTO CITY VALUES(CITY_SEQ_NO.NEXTVAL,12,'철원군',127.315733333333	,38.1440555555555,32);
INSERT INTO CITY VALUES(CITY_SEQ_NO.NEXTVAL,13,'춘천시',127.732311111111	,37.8785416666666,32);
INSERT INTO CITY VALUES(CITY_SEQ_NO.NEXTVAL,14,'태백시',128.987997222222	,37.1612277777777,32);
INSERT INTO CITY VALUES(CITY_SEQ_NO.NEXTVAL,15,'평창군',128.392352777777	,37.3679166666666,32);
INSERT INTO CITY VALUES(CITY_SEQ_NO.NEXTVAL,16,'홍천군',127.890841666666	,37.6944222222222,32);
INSERT INTO CITY VALUES(CITY_SEQ_NO.NEXTVAL,17,'화천군',127.710355555555	,38.1034083333333,32);
INSERT INTO CITY VALUES(CITY_SEQ_NO.NEXTVAL,18,'횡성군',127.987222222222	,37.4889583333333,32);

INSERT INTO CITY VALUES(CITY_SEQ_NO.NEXTVAL,1,'괴산군',127.788830555555	,36.8124305555555,33);
INSERT INTO CITY VALUES(CITY_SEQ_NO.NEXTVAL,2,'단양군',128.367841666666	,36.9817805555555,33);
INSERT INTO CITY VALUES(CITY_SEQ_NO.NEXTVAL,3,'보은군',127.731608333333	,36.4865333333333,33);
INSERT INTO CITY VALUES(CITY_SEQ_NO.NEXTVAL,4,'영동군',127.785611111111	,36.1720583333333,33);
INSERT INTO CITY VALUES(CITY_SEQ_NO.NEXTVAL,5,'옥천군',127.573633333333	,36.3035499999999,33);
INSERT INTO CITY VALUES(CITY_SEQ_NO.NEXTVAL,6,'음성군',127.692622222222	,36.9374055555555,33);
INSERT INTO CITY VALUES(CITY_SEQ_NO.NEXTVAL,7,'제천시',128.193152777777	,37.1297694444444,33);
INSERT INTO CITY VALUES(CITY_SEQ_NO.NEXTVAL,8,'진천군',127.437644444444	,36.8525388888888,33);
INSERT INTO CITY VALUES(CITY_SEQ_NO.NEXTVAL,9,'청원군',127.431119	,36.549748,33);
INSERT INTO CITY VALUES(CITY_SEQ_NO.NEXTVAL,10,'청주시',127.511730555555	,36.5839972222222,33);
INSERT INTO CITY VALUES(CITY_SEQ_NO.NEXTVAL,11,'충주시',127.928144444444	,36.9881805555555,33);
INSERT INTO CITY VALUES(CITY_SEQ_NO.NEXTVAL,12,'증평군',127.583288888888	,36.7821805555555,33);

INSERT INTO CITY VALUES(CITY_SEQ_NO.NEXTVAL,1,'공주시',127.121119444444	,36.4436138888888,34);
INSERT INTO CITY VALUES(CITY_SEQ_NO.NEXTVAL,2,'금산군',127.490308333333	,36.1058694444444,34);
INSERT INTO CITY VALUES(CITY_SEQ_NO.NEXTVAL,3,'논산시',127.100911111111	,36.1842027777777,34);
INSERT INTO CITY VALUES(CITY_SEQ_NO.NEXTVAL,4,'당진시',127.684597	,36.881997,34);
INSERT INTO CITY VALUES(CITY_SEQ_NO.NEXTVAL,5,'보령시',126.614886111111	,36.330575,34);
INSERT INTO CITY VALUES(CITY_SEQ_NO.NEXTVAL,6,'부여군',126.911863888888	,36.2728222222222,34);
INSERT INTO CITY VALUES(CITY_SEQ_NO.NEXTVAL,7,'서산시',126.452163888888	,36.7820972222222,34);
INSERT INTO CITY VALUES(CITY_SEQ_NO.NEXTVAL,8,'서천군',126.693888888888	,36.0774055555555,34);
INSERT INTO CITY VALUES(CITY_SEQ_NO.NEXTVAL,9,'아산시',127.004641666666	,36.7871055555555,34);
INSERT INTO CITY VALUES(CITY_SEQ_NO.NEXTVAL,11,'예산군',126.850874999999	,36.6798055555555,34);
INSERT INTO CITY VALUES(CITY_SEQ_NO.NEXTVAL,12,'천안시',127.152466666666	,36.804125,34);
INSERT INTO CITY VALUES(CITY_SEQ_NO.NEXTVAL,13,'청양군',126.804255555555	,36.4562694444444,34);
INSERT INTO CITY VALUES(CITY_SEQ_NO.NEXTVAL,14,'태안군',126.299975	,36.7426666666666,34);
INSERT INTO CITY VALUES(CITY_SEQ_NO.NEXTVAL,15,'홍성군',126.662908333333	,36.5983611111111,34);
INSERT INTO CITY VALUES(CITY_SEQ_NO.NEXTVAL,16,'계룡시',127.250930555555	,36.2718361111111,34);

INSERT INTO CITY VALUES(CITY_SEQ_NO.NEXTVAL,1,'경산시',128.743463888888	,35.8220888888888,35);
INSERT INTO CITY VALUES(CITY_SEQ_NO.NEXTVAL,2,'경주시',129.227022222222	,35.8531694444444,35);
INSERT INTO CITY VALUES(CITY_SEQ_NO.NEXTVAL,3,'고령군',128.265022222222	,35.7229861111111,35);
INSERT INTO CITY VALUES(CITY_SEQ_NO.NEXTVAL,4,'구미시',128.346777777777	,36.11655,35);
INSERT INTO CITY VALUES(CITY_SEQ_NO.NEXTVAL,6,'김천시',128.1158	,36.1368972222222,35);
INSERT INTO CITY VALUES(CITY_SEQ_NO.NEXTVAL,7,'문경시',128.189019444444	,36.5836305555555,35);
INSERT INTO CITY VALUES(CITY_SEQ_NO.NEXTVAL,8,'봉화군',128.734875	,36.8902611111111,35);
INSERT INTO CITY VALUES(CITY_SEQ_NO.NEXTVAL,9,'상주시',128.161263888888	,36.4079694444444,35);
INSERT INTO CITY VALUES(CITY_SEQ_NO.NEXTVAL,10,'성주군',128.285152777777	,35.9162111111111,35);
INSERT INTO CITY VALUES(CITY_SEQ_NO.NEXTVAL,11,'안동시',128.731622222222	,36.5654638888888,35);
INSERT INTO CITY VALUES(CITY_SEQ_NO.NEXTVAL,12,'영덕군',129.368355555555	,36.4121027777777,35);
INSERT INTO CITY VALUES(CITY_SEQ_NO.NEXTVAL,13,'영양군',129.114622222222	,36.6642749999999,35);
INSERT INTO CITY VALUES(CITY_SEQ_NO.NEXTVAL,14,'영주시',128.626344444444	,36.8029361111111,35);
INSERT INTO CITY VALUES(CITY_SEQ_NO.NEXTVAL,15,'영천시',128.940775	,35.9700527777777,35);
INSERT INTO CITY VALUES(CITY_SEQ_NO.NEXTVAL,16,'예천군',128.455022222222	,36.65495,35);
INSERT INTO CITY VALUES(CITY_SEQ_NO.NEXTVAL,17,'울릉군',130.903788888888	,37.480575,35);
INSERT INTO CITY VALUES(CITY_SEQ_NO.NEXTVAL,18,'울진군',129.402786111111	,36.9901861111111,35);
INSERT INTO CITY VALUES(CITY_SEQ_NO.NEXTVAL,19,'의성군',128.699363888888	,36.3497583333333,35);
INSERT INTO CITY VALUES(CITY_SEQ_NO.NEXTVAL,20,'청도군',128.7362	,35.6443111111111,35);
INSERT INTO CITY VALUES(CITY_SEQ_NO.NEXTVAL,21,'청송군',129.0594	,36.4332916666666,35);
INSERT INTO CITY VALUES(CITY_SEQ_NO.NEXTVAL,22,'칠곡군',128.403797222222	,35.9925472222222,35);
INSERT INTO CITY VALUES(CITY_SEQ_NO.NEXTVAL,23,'포항시',129.361666666666	,36.0056861111111,35);

INSERT INTO CITY VALUES(CITY_SEQ_NO.NEXTVAL,1,'거제시',128.623355555555	,34.8773583333333,36);
INSERT INTO CITY VALUES(CITY_SEQ_NO.NEXTVAL,2,'거창군',127.911655555555	,35.683625,36);
INSERT INTO CITY VALUES(CITY_SEQ_NO.NEXTVAL,3,'고성군',128.324541666666	,34.9699,36);
INSERT INTO CITY VALUES(CITY_SEQ_NO.NEXTVAL,4,'김해시',128.891666666666	,35.2255055555555,36);
INSERT INTO CITY VALUES(CITY_SEQ_NO.NEXTVAL,5,'남해군',127.894466666666	,34.8345583333333,36);
INSERT INTO CITY VALUES(CITY_SEQ_NO.NEXTVAL,6,'마산시',128.567863	,35.196874,36);
INSERT INTO CITY VALUES(CITY_SEQ_NO.NEXTVAL,7,'밀양시',128.748944444444	,35.5007777777777,36);
INSERT INTO CITY VALUES(CITY_SEQ_NO.NEXTVAL,8,'사천시',128.066777777777	,35.0002833333333,36);
INSERT INTO CITY VALUES(CITY_SEQ_NO.NEXTVAL,9,'산청군',127.875619444444	,35.4124916666666,36);
INSERT INTO CITY VALUES(CITY_SEQ_NO.NEXTVAL,10,'양산시',129.039411111111	,35.3319277777777,36);
INSERT INTO CITY VALUES(CITY_SEQ_NO.NEXTVAL,12,'의령군',128.263822222222	,35.3191194444444,36);
INSERT INTO CITY VALUES(CITY_SEQ_NO.NEXTVAL,13,'진주시',128.109999999999	,35.1770333333333,36);
INSERT INTO CITY VALUES(CITY_SEQ_NO.NEXTVAL,14,'진해시',128.710081	,35.13306,36);
INSERT INTO CITY VALUES(CITY_SEQ_NO.NEXTVAL,15,'창녕군',128.494533333333	,35.5415361111111,36);
INSERT INTO CITY VALUES(CITY_SEQ_NO.NEXTVAL,16,'창원시',128.6401544	,35.2540033,36);
INSERT INTO CITY VALUES(CITY_SEQ_NO.NEXTVAL,17,'통영시',128.435277777777	,34.8512583333333,36);
INSERT INTO CITY VALUES(CITY_SEQ_NO.NEXTVAL,18,'하동군',127.753430555555	,35.0642027777777,36);
INSERT INTO CITY VALUES(CITY_SEQ_NO.NEXTVAL,19,'함안군',128.408708333333	,35.2694055555555,36);
INSERT INTO CITY VALUES(CITY_SEQ_NO.NEXTVAL,20,'함양군',127.727419444444	,35.5174694444444,36);
INSERT INTO CITY VALUES(CITY_SEQ_NO.NEXTVAL,21,'합천군',128.167930555555	,35.5636166666666,36);

INSERT INTO CITY VALUES(CITY_SEQ_NO.NEXTVAL,1,'고창군',126.704108333333	,35.4327388888888,37);
INSERT INTO CITY VALUES(CITY_SEQ_NO.NEXTVAL,2,'군산시',126.738844444444	,35.9646416666666,37);
INSERT INTO CITY VALUES(CITY_SEQ_NO.NEXTVAL,3,'김제시',126.882752777777	,35.8005749999999,37);
INSERT INTO CITY VALUES(CITY_SEQ_NO.NEXTVAL,4,'남원시',127.3925	,35.4132555555555,37);
INSERT INTO CITY VALUES(CITY_SEQ_NO.NEXTVAL,5,'무주군',127.662866666666	,36.0038277777777,37);
INSERT INTO CITY VALUES(CITY_SEQ_NO.NEXTVAL,6,'부안군',126.735677777777	,35.7285333333333,37);
INSERT INTO CITY VALUES(CITY_SEQ_NO.NEXTVAL,7,'순창군',127.139630555555	,35.3713888888888,37);
INSERT INTO CITY VALUES(CITY_SEQ_NO.NEXTVAL,8,'완주군',127.149597222222	,35.8429694444444,37);
INSERT INTO CITY VALUES(CITY_SEQ_NO.NEXTVAL,9,'익산시',126.959852777777	,35.9452749999999,37);
INSERT INTO CITY VALUES(CITY_SEQ_NO.NEXTVAL,10,'임실군',127.284752777777	,35.6080638888888,37);
INSERT INTO CITY VALUES(CITY_SEQ_NO.NEXTVAL,11,'장수군',127.5233	,35.6442972222222,37);
INSERT INTO CITY VALUES(CITY_SEQ_NO.NEXTVAL,12,'전주시',127.121919444444	,35.8091888888888,37);
INSERT INTO CITY VALUES(CITY_SEQ_NO.NEXTVAL,13,'정읍시',126.858111111111	,35.5668722222222,37);
INSERT INTO CITY VALUES(CITY_SEQ_NO.NEXTVAL,14,'진안군',127.426966666666	,35.7887194444444,37);

INSERT INTO CITY VALUES(CITY_SEQ_NO.NEXTVAL,1,'강진군',126.769197222222	,34.6389111111111,38);
INSERT INTO CITY VALUES(CITY_SEQ_NO.NEXTVAL,2,'고흥군',127.287055555555	,34.6080694444444,38);
INSERT INTO CITY VALUES(CITY_SEQ_NO.NEXTVAL,3,'곡성군',127.294108333333	,35.2789555555555,38);
INSERT INTO CITY VALUES(CITY_SEQ_NO.NEXTVAL,4,'광양시',127.698177777777	,34.9375361111111,38);
INSERT INTO CITY VALUES(CITY_SEQ_NO.NEXTVAL,5,'구례군',127.464933333333	,35.1994583333333,38);
INSERT INTO CITY VALUES(CITY_SEQ_NO.NEXTVAL,6,'나주시',126.712866666666	,35.0128388888888,38);
INSERT INTO CITY VALUES(CITY_SEQ_NO.NEXTVAL,7,'담양군',126.990163888888	,35.318125,38);
INSERT INTO CITY VALUES(CITY_SEQ_NO.NEXTVAL,8,'목포시',126.394419444444	,34.8087888888888,38);
INSERT INTO CITY VALUES(CITY_SEQ_NO.NEXTVAL,9,'무안군',126.4837	,34.9873694444444,38);
INSERT INTO CITY VALUES(CITY_SEQ_NO.NEXTVAL,10,'보성군',127.082088888888	,34.7683333333333,38);
INSERT INTO CITY VALUES(CITY_SEQ_NO.NEXTVAL,11,'순천시',127.489330555555	,34.9476055555555,38);
INSERT INTO CITY VALUES(CITY_SEQ_NO.NEXTVAL,12,'신안군',126.381730555555	,34.7898111111111,38);
INSERT INTO CITY VALUES(CITY_SEQ_NO.NEXTVAL,13,'여수시',127.664386111111	,34.7573111111111,38);
INSERT INTO CITY VALUES(CITY_SEQ_NO.NEXTVAL,16,'영광군',126.514086111111	,35.2741666666666,38);
INSERT INTO CITY VALUES(CITY_SEQ_NO.NEXTVAL,17,'영암군',126.698619444444	,34.7969888888888,38);
INSERT INTO CITY VALUES(CITY_SEQ_NO.NEXTVAL,18,'완도군',126.757097222222	,34.3078527777777,38);
INSERT INTO CITY VALUES(CITY_SEQ_NO.NEXTVAL,19,'장성군',126.786975	,35.2988111111111,38);
INSERT INTO CITY VALUES(CITY_SEQ_NO.NEXTVAL,20,'장흥군',126.909108333333	,34.678525,38);
INSERT INTO CITY VALUES(CITY_SEQ_NO.NEXTVAL,21,'진도군',126.909108333333	,34.678525,38);
INSERT INTO CITY VALUES(CITY_SEQ_NO.NEXTVAL,22,'함평군',126.518619444444	,35.0627444444444,38);
INSERT INTO CITY VALUES(CITY_SEQ_NO.NEXTVAL,23,'해남군',126.601288888888	,34.5704361111111,38);
INSERT INTO CITY VALUES(CITY_SEQ_NO.NEXTVAL,24,'화순군',126.988566666666	,35.0614805555555,38);

INSERT INTO CITY VALUES(CITY_SEQ_NO.NEXTVAL,3,'서귀포시',126.512555555555	,33.25235,39);
INSERT INTO CITY VALUES(CITY_SEQ_NO.NEXTVAL,4,'제주시',126.533208333333	,33.4963111111111,39);


COMMIT;


-- 여행 후기 게시판 테이블
CREATE TABLE BOARD(
    BOARD_NO NUMBER PRIMARY KEY,
    BOARD_TITLE VARCHAR2(100) NOT NULL,
    BOARD_CONTENT VARCHAR2(300) NOT NULL,
    CREATE_DATE DATE DEFAULT SYSDATE,
    COUNT NUMBER DEFAULT 0,
    STATUS CHAR(1) DEFAULT 'Y' CHECK(STATUS IN('Y','N')),
    USER_NO NUMBER,
    FOREIGN KEY(USER_NO) REFERENCES MEMBER(USER_NO)
);
COMMENT ON COLUMN BOARD.BOARD_NO IS '여행후기게시글번호';
COMMENT ON COLUMN BOARD.BOARD_TITLE IS '제목';
COMMENT ON COLUMN BOARD.BOARD_CONTENT IS '내용';
COMMENT ON COLUMN BOARD.CREATE_DATE IS '작성일';
COMMENT ON COLUMN BOARD.COUNT IS '조회수';
COMMENT ON COLUMN BOARD.STATUS IS '게시글 상태';
-- 여행 후기 게시판 댓글 테이블
CREATE TABLE REPLY(
    REPLY_NO NUMBER PRIMARY KEY,
    REPLY_CONTENT VARCHAR2(300) NOT NULL,
    CREATE_DATE DATE DEFAULT SYSDATE,
    MODIFY_DATE DATE,
    STATUS CHAR(1) DEFAULT 'Y' CHECK(STATUS IN('Y','N')),
    USER_NO NUMBER,
    BOARD_NO NUMBER,
    FOREIGN KEY(USER_NO) REFERENCES MEMBER(USER_NO),
    FOREIGN KEY(BOARD_NO) REFERENCES BOARD(BOARD_NO)
);
COMMENT ON COLUMN REPLY.REPLY_NO IS '댓글번호';
COMMENT ON COLUMN REPLY.REPLY_CONTENT IS '댓글 내용';
COMMENT ON COLUMN REPLY.CREATE_DATE IS '댓글 작성일';
COMMENT ON COLUMN REPLY.MODIFY_DATE IS '댓글 수정일';
-- 여행 후기 게시판 이미지 테이블
CREATE TABLE BOARD_IMG(
    IMG_NO NUMBER PRIMARY KEY,
    CHANGE_NAME VARCHAR2(100) NOT NULL,
    FILE_LEVEL CHAR(1) NOT NULL CHECK(FILE_LEVEL IN(1, 2)),
    STATUS CHAR(1) DEFAULT 'Y' CHECK(STATUS IN('Y', 'N')),
    BOARD_NO NUMBER,
    FOREIGN KEY(BOARD_NO) REFERENCES BOARD(BOARD_NO)
);
COMMENT ON COLUMN BOARD_IMG.IMG_NO IS '후기게시판 이미지번호';
COMMENT ON COLUMN BOARD_IMG.CHANGE_NAME IS '파일명 및 경로';
COMMENT ON COLUMN BOARD_IMG.FILE_LEVEL IS '썸네일 여부';
COMMENT ON COLUMN BOARD_IMG.STATUS IS '이미지 상태';
-- 여행 후기 게시판 좋아요 테이블
CREATE TABLE BOARD_LIKE(
    USER_NO NUMBER,
    BOARD_NO NUMBER,
    FOREIGN KEY(USER_NO) REFERENCES MEMBER(USER_NO),
    FOREIGN KEY(BOARD_NO) REFERENCES BOARD(BOARD_NO)
);
-- 공지사항 테이블
CREATE TABLE NOTICE(
    NOTICE_NO NUMBER PRIMARY KEY,
    NOTICE_TITLE VARCHAR2(100) NOT NULL,
    NOTICE_CONTENT VARCHAR2(300) NOT NULL,
    CHANGE_NAME VARCHAR2(100),
    CREATE_DATE DATE DEFAULT SYSDATE,
    STATUS CHAR(1) DEFAULT 'Y' CHECK(STATUS IN('Y', 'N'))
);
COMMENT ON COLUMN NOTICE.NOTICE_NO IS '공지사항 번호';
COMMENT ON COLUMN NOTICE.NOTICE_TITLE IS '공지사항 제목';
COMMENT ON COLUMN NOTICE.NOTICE_CONTENT IS '내용';
COMMENT ON COLUMN NOTICE.CHANGE_NAME IS '파일명 및 경로';
COMMENT ON COLUMN NOTICE.CREATE_DATE IS '공지사항 작성일';
COMMENT ON COLUMN NOTICE.STATUS IS '공지사항 글 상태';
-- 채팅 테이블
CREATE TABLE MSG(
    MSG_NO NUMBER PRIMARY KEY,
    MSG_CONTENT VARCHAR2(600) NOT NULL,
    MSG_TIME DATE DEFAULT SYSDATE,
    USER_NO NUMBER,
    FOREIGN KEY(USER_NO) REFERENCES MEMBER(USER_NO)
);
COMMENT ON COLUMN MSG.MSG_NO IS '채팅 번호';
COMMENT ON COLUMN MSG.MSG_CONTENT IS '채팅 내용';
COMMENT ON COLUMN MSG.MSG_TIME IS '채팅 시간';
COMMIT;


Insert into TRAVELY.MEMBER (USER_NO,USER_ID,USER_PWD,NICK_NAME,NAME,AGE,EMAIL,PHONE,ADDRESS,GENDER,CHANGE_NAME,CREATE_DATE,MODIFY_DATE,MSG_STATUS,STATUS) values (SEQ_USER_NO.NEXTVAL,'admin','$2a$10$BrxwORjoWXgivK0q0DCebuo/0LcpPWmxW.C8jqKPDHzRmyNLiRAru','관리자','관리자',20,'asd@gmail.com','01012345678','가디랑 구디 사이','남',null,to_date('24/06/24','RR/MM/DD'),to_date('24/06/24','RR/MM/DD'),'Y','Y');
Insert into TRAVELY.MEMBER (USER_NO,USER_ID,USER_PWD,NICK_NAME,NAME,AGE,EMAIL,PHONE,ADDRESS,GENDER,CHANGE_NAME,CREATE_DATE,MODIFY_DATE,MSG_STATUS,STATUS) values (SEQ_USER_NO.NEXTVAL,'karina00','$2a$10$u2kGBHK6SYsCGSVHECpNjOaMyfFtXObsJe7EySEUlDamKzNMTzSdu','karina','카리나',25,'sgt1029@naver.com','0105648987 ','19층 KH학원','여','resources/profileImages/20240624141911.jpg',to_date('24/06/24','RR/MM/DD'),to_date('24/06/24','RR/MM/DD'),'Y','Y');
Insert into TRAVELY.MEMBER (USER_NO,USER_ID,USER_PWD,NICK_NAME,NAME,AGE,EMAIL,PHONE,ADDRESS,GENDER,CHANGE_NAME,CREATE_DATE,MODIFY_DATE,MSG_STATUS,STATUS) values (SEQ_USER_NO.NEXTVAL,'winter01','$2a$10$E2QPsBvABKEKL6tOn0B77.Kh04ABHThNyXLEhvxteiPN8GwKdmide','winter','윈터',24,'sgt1029@naver.com','01035489873','19층 KH학원','여','resources/profileImages/20240624142341.jpg',to_date('24/06/24','RR/MM/DD'),to_date('24/06/24','RR/MM/DD'),'Y','Y');
Insert into TRAVELY.MEMBER (USER_NO,USER_ID,USER_PWD,NICK_NAME,NAME,AGE,EMAIL,PHONE,ADDRESS,GENDER,CHANGE_NAME,CREATE_DATE,MODIFY_DATE,MSG_STATUS,STATUS) values (SEQ_USER_NO.NEXTVAL,'songgang94','$2a$10$OKiO1lyF1WCpLDTwiAS7EO.Vuxr5KKgeLq4LSMgvGcvAjT8ySDL0a','songgang','송강',31,'sgt1029@naver.com','01065483216','19층 KH학원','남','resources/profileImages/20240624142412.jpg',to_date('24/06/24','RR/MM/DD'),to_date('24/06/24','RR/MM/DD'),'Y','Y');
Insert into TRAVELY.MEMBER (USER_NO,USER_ID,USER_PWD,NICK_NAME,NAME,AGE,EMAIL,PHONE,ADDRESS,GENDER,CHANGE_NAME,CREATE_DATE,MODIFY_DATE,MSG_STATUS,STATUS) values (SEQ_USER_NO.NEXTVAL,'eunwoo97','$2a$10$kumBHiOlX3o3f2oOr2b4V.sFJddul2NxNnqRPjf0nIjq8jhbdQklW','eunwoo','차은우',28,'sgt1029@naver.com','01062489876','19층 KH학원','남','resources/profileImages/20240624142433.png',to_date('24/06/24','RR/MM/DD'),to_date('24/06/24','RR/MM/DD'),'Y','Y');
Insert into TRAVELY.MEMBER (USER_NO,USER_ID,USER_PWD,NICK_NAME,NAME,AGE,EMAIL,PHONE,ADDRESS,GENDER,CHANGE_NAME,CREATE_DATE,MODIFY_DATE,MSG_STATUS,STATUS) values (SEQ_USER_NO.NEXTVAL,'bibi98','$2a$10$GUxnrm3C9Gbm7I/YkE6cuOpXpYu4NfFBQA7c03/WvPiALqiQT7kua','BIBI','비비',27,'sgt1029@naver.com','01032468795','19층 KH학원','여','resources/profileImages/20240624142454.jpg',to_date('24/06/24','RR/MM/DD'),to_date('24/06/24','RR/MM/DD'),'Y','Y');
Insert into TRAVELY.MEMBER (USER_NO,USER_ID,USER_PWD,NICK_NAME,NAME,AGE,EMAIL,PHONE,ADDRESS,GENDER,CHANGE_NAME,CREATE_DATE,MODIFY_DATE,MSG_STATUS,STATUS) values (SEQ_USER_NO.NEXTVAL,'iu1993','$2a$10$54h1ri.f6pV9BILK24rh/.vY6c00LvLfRvnStXSOY5u6.iNpYJBum','IU','아이유',32,'sgt1029@naver.com','01063529856','19층 KH학원','여','resources/profileImages/20240624142512.jpg',to_date('24/06/24','RR/MM/DD'),to_date('24/06/24','RR/MM/DD'),'Y','Y');
Insert into TRAVELY.MEMBER (USER_NO,USER_ID,USER_PWD,NICK_NAME,NAME,AGE,EMAIL,PHONE,ADDRESS,GENDER,CHANGE_NAME,CREATE_DATE,MODIFY_DATE,MSG_STATUS,STATUS) values (SEQ_USER_NO.NEXTVAL,'yeonseok84','$2a$10$zANUMFURydPWXEXbm3GRuupW65StrFJQHiWSzmNh61SpNukauvezi','Yeonseok','유연석',41,'sgt1029@naver.com','01062358947','19층 KH학원','남','resources/profileImages/20240624142531.jpg',to_date('24/06/24','RR/MM/DD'),to_date('24/06/24','RR/MM/DD'),'Y','Y');
Insert into TRAVELY.MEMBER (USER_NO,USER_ID,USER_PWD,NICK_NAME,NAME,AGE,EMAIL,PHONE,ADDRESS,GENDER,CHANGE_NAME,CREATE_DATE,MODIFY_DATE,MSG_STATUS,STATUS) values (SEQ_USER_NO.NEXTVAL,'dohwan92','$2a$10$bd5tyDlI.kYErunc6VyN2OB4Dqna6.4Yyale0QjhTJ/dphGzYIvvu','DoHwan','우도환',33,'sgt1029@naver.com','01032671478','19층 KH학원','남','resources/profileImages/20240624142548.jpg',to_date('24/06/24','RR/MM/DD'),to_date('24/06/24','RR/MM/DD'),'Y','Y');
Insert into TRAVELY.MEMBER (USER_NO,USER_ID,USER_PWD,NICK_NAME,NAME,AGE,EMAIL,PHONE,ADDRESS,GENDER,CHANGE_NAME,CREATE_DATE,MODIFY_DATE,MSG_STATUS,STATUS) values (SEQ_USER_NO.NEXTVAL,'wonyoung04','$2a$10$ZZyN.mmx8VWn3JYWr6GueuRZ7ZK..rhxJovW/PYXyVKpMkivM3BVe','WONYOUNG','장원영',21,'sgt1029@naver.com','01032145698','19층 KH학원','여','resources/profileImages/20240624142608.jpg',to_date('24/06/24','RR/MM/DD'),to_date('24/06/24','RR/MM/DD'),'Y','Y');
Insert into TRAVELY.MEMBER (USER_NO,USER_ID,USER_PWD,NICK_NAME,NAME,AGE,EMAIL,PHONE,ADDRESS,GENDER,CHANGE_NAME,CREATE_DATE,MODIFY_DATE,MSG_STATUS,STATUS) values (SEQ_USER_NO.NEXTVAL,'yujin03','$2a$10$d9Tb1q5sC0fIGsPkp2y35.gOz3xcD37ni6zWDupmK3iXysLGqfLz.','YUJIN','안유진',22,'sgt1029@naver.com','01032165498','19층 KH학원','여','resources/profileImages/20240624142630.jpg',to_date('24/06/24','RR/MM/DD'),to_date('24/06/24','RR/MM/DD'),'Y','Y');
Insert into TRAVELY.MEMBER (USER_NO,USER_ID,USER_PWD,NICK_NAME,NAME,AGE,EMAIL,PHONE,ADDRESS,GENDER,CHANGE_NAME,CREATE_DATE,MODIFY_DATE,MSG_STATUS,STATUS) values (SEQ_USER_NO.NEXTVAL,'chaewon00','$2a$10$BAgnGTRLezdCVriGleHY1.lujADnWe6WBLPgdYC8tDkf4VSEACEn.','CHAEWON','김채원',25,'sgt1029@naver.com','01032178945','19층 KH학원','여','resources/profileImages/20240624142647.jpg',to_date('24/06/24','RR/MM/DD'),to_date('24/06/24','RR/MM/DD'),'Y','Y');
Insert into TRAVELY.MEMBER (USER_NO,USER_ID,USER_PWD,NICK_NAME,NAME,AGE,EMAIL,PHONE,ADDRESS,GENDER,CHANGE_NAME,CREATE_DATE,MODIFY_DATE,MSG_STATUS,STATUS) values (SEQ_USER_NO.NEXTVAL,'minji04','$2a$10$3naaFIolGIszEPbVJQvLZ.M3JdAPLpB1vy2wbqyDEwuRQafEN3wjy','MINJI','민지',21,'sgt1029@naver.com','01062348795','19층 KH학원','여','resources/profileImages/20240624142705.jpg',to_date('24/06/24','RR/MM/DD'),to_date('24/06/24','RR/MM/DD'),'Y','Y');
Insert into TRAVELY.MEMBER (USER_NO,USER_ID,USER_PWD,NICK_NAME,NAME,AGE,EMAIL,PHONE,ADDRESS,GENDER,CHANGE_NAME,CREATE_DATE,MODIFY_DATE,MSG_STATUS,STATUS) values (SEQ_USER_NO.NEXTVAL,'hyein08','$2a$10$BNWAXKRSG7ZiO8n9K06k/uOdvblBLnm3jAursGSM.mQ6ljl4aiFxC','HYEIN','혜인',17,'sgt1029@naver.com','01032178952','19층 KH학원','여','resources/profileImages/20240624142720.jpg',to_date('24/06/24','RR/MM/DD'),to_date('24/06/24','RR/MM/DD'),'Y','Y');
Insert into TRAVELY.MEMBER (USER_NO,USER_ID,USER_PWD,NICK_NAME,NAME,AGE,EMAIL,PHONE,ADDRESS,GENDER,CHANGE_NAME,CREATE_DATE,MODIFY_DATE,MSG_STATUS,STATUS) values (SEQ_USER_NO.NEXTVAL,'taehyung95','$2a$10$IlLHbkCe/y96G78buD53buUa7ykgDATq7/MAE.4m0s0CQEWHdXVkm','BTS뷔','뷔',30,'sgt1029@naver.com','01012358987','19층 KH학원','남','resources/profileImages/20240624142739.jpg',to_date('24/06/24','RR/MM/DD'),to_date('24/06/24','RR/MM/DD'),'Y','Y');
Insert into TRAVELY.MEMBER (USER_NO,USER_ID,USER_PWD,NICK_NAME,NAME,AGE,EMAIL,PHONE,ADDRESS,GENDER,CHANGE_NAME,CREATE_DATE,MODIFY_DATE,MSG_STATUS,STATUS) values (SEQ_USER_NO.NEXTVAL,'jungkook97','$2a$10$NTLqCXlgcYM1qYD87RkMU.9o554J.IZ1jrS7OdYGALtC0KKptIidG','JUNGKOOK','정국',28,'sgt1029@naver.com','01078756985','19층 KH학원','남','resources/profileImages/20240624142754.jpg',to_date('24/06/24','RR/MM/DD'),to_date('24/06/24','RR/MM/DD'),'Y','Y');
Insert into TRAVELY.MEMBER (USER_NO,USER_ID,USER_PWD,NICK_NAME,NAME,AGE,EMAIL,PHONE,ADDRESS,GENDER,CHANGE_NAME,CREATE_DATE,MODIFY_DATE,MSG_STATUS,STATUS) values (SEQ_USER_NO.NEXTVAL,'jin1992','$2a$10$U4d6bstUqbqJulv5jU33qejGJU3UeOkSX8aKK4B953Nga.pAA8mgu','JIN','진',33,'sgt1029@naver.com','01032326598','19층 KH학원','남','resources/profileImages/20240624142814.jpg',to_date('24/06/24','RR/MM/DD'),to_date('24/06/24','RR/MM/DD'),'Y','Y');
Insert into TRAVELY.MEMBER (USER_NO,USER_ID,USER_PWD,NICK_NAME,NAME,AGE,EMAIL,PHONE,ADDRESS,GENDER,CHANGE_NAME,CREATE_DATE,MODIFY_DATE,MSG_STATUS,STATUS) values (SEQ_USER_NO.NEXTVAL,'younjung96','$2a$10$.NU66qbZoJu7JphWu42yauE/UX2eK/I7tt31vhC11cBExXwVkvcV6','Younjung','고윤정',29,'sgt1029@naver.com','01023258756','19층 KH학원','여','resources/profileImages/20240624142829.jpg',to_date('24/06/24','RR/MM/DD'),to_date('24/06/24','RR/MM/DD'),'Y','Y');
Insert into TRAVELY.MEMBER (USER_NO,USER_ID,USER_PWD,NICK_NAME,NAME,AGE,EMAIL,PHONE,ADDRESS,GENDER,CHANGE_NAME,PROFILE_IMAGE,CREATE_DATE,MODIFY_DATE,MSG_STATUS,STATUS) values (SEQ_USER_NO.NEXTVAL,'chuuo01','$2a$10$3f.JJhV6zjedHdRPYVcAFeq088LZ9eI4ft7voT/J/ykYGaT7Kdihe','chuuo3o','김지우',26,'huun011@naver.com','01045671234','19층','여','resources/profileImages/20240626095218.png',null,to_date('24/06/26','RR/MM/DD'),to_date('24/06/26','RR/MM/DD'),'Y','Y');

COMMIT;


Insert into TRAVELY.BOARD (BOARD_NO,BOARD_TITLE,BOARD_CONTENT,CREATE_DATE,COUNT,STATUS,USER_NO) values (SEQ_BOARD_NO.NEXTVAL,'다들 밥은 드셨나요?','경복궁이다아~!!',to_date('24/06/25','RR/MM/DD'),63,'Y',14);
Insert into TRAVELY.BOARD (BOARD_NO,BOARD_TITLE,BOARD_CONTENT,CREATE_DATE,COUNT,STATUS,USER_NO) values (SEQ_BOARD_NO.NEXTVAL,'부산앞바다','해운대 많이 놀러오세요!!',to_date('24/06/25','RR/MM/DD'),133,'Y',15);
Insert into TRAVELY.BOARD (BOARD_NO,BOARD_TITLE,BOARD_CONTENT,CREATE_DATE,COUNT,STATUS,USER_NO) values (SEQ_BOARD_NO.NEXTVAL,'제주도에 다녀왔어요! ~~','낭만 제주!~',to_date('24/06/25','RR/MM/DD'),87,'Y',15);
Insert into TRAVELY.BOARD (BOARD_NO,BOARD_TITLE,BOARD_CONTENT,CREATE_DATE,COUNT,STATUS,USER_NO) values (SEQ_BOARD_NO.NEXTVAL,'부산해운대','부산 국제 영화제를 다녀오는길에 해운대를 다녀왔어요~',to_date('24/06/25','RR/MM/DD'),99,'Y',8);
Insert into TRAVELY.BOARD (BOARD_NO,BOARD_TITLE,BOARD_CONTENT,CREATE_DATE,COUNT,STATUS,USER_NO) values (SEQ_BOARD_NO.NEXTVAL,'?','?',to_date('24/06/25','RR/MM/DD'),21,'Y',8);
Insert into TRAVELY.BOARD (BOARD_NO,BOARD_TITLE,BOARD_CONTENT,CREATE_DATE,COUNT,STATUS,USER_NO) values (SEQ_BOARD_NO.NEXTVAL,'다들 새해 복 많이받으세요~!!','행복하십쇼~~!!!!',to_date('24/06/25','RR/MM/DD'),58,'Y',17);
Insert into TRAVELY.BOARD (BOARD_NO,BOARD_TITLE,BOARD_CONTENT,CREATE_DATE,COUNT,STATUS,USER_NO) values (SEQ_BOARD_NO.NEXTVAL,'travey를 통해서 BTS 촬영장 다녀왔습니다!!!!','#맹방해수욕장',to_date('24/06/25','RR/MM/DD'),114,'Y',17);
Insert into TRAVELY.BOARD (BOARD_NO,BOARD_TITLE,BOARD_CONTENT,CREATE_DATE,COUNT,STATUS,USER_NO) values (SEQ_BOARD_NO.NEXTVAL,'갸아아아아','우아아아아앙!!!',to_date('24/06/25','RR/MM/DD'),136,'Y',17);
Insert into TRAVELY.BOARD (BOARD_NO,BOARD_TITLE,BOARD_CONTENT,CREATE_DATE,COUNT,STATUS,USER_NO) values (SEQ_BOARD_NO.NEXTVAL,'여러분 안녕하세요','늘 본 들꽃이 참 삼삼하고 좋아요~~^^<br>꺾어서 머리에 꽂으니 기분 최고~~<br>미안해 식물아~~ㅠㅠ<br>이 들꽃처럼~ 우리네 인생도<br>보잘것 없지만 소중한 거겠죠~~~@>----<br>여러분도 좋은 하루 보내세요~^^*',to_date('24/06/25','RR/MM/DD'),87,'Y',6);
Insert into TRAVELY.BOARD (BOARD_NO,BOARD_TITLE,BOARD_CONTENT,CREATE_DATE,COUNT,STATUS,USER_NO) values (SEQ_BOARD_NO.NEXTVAL,'travley와 함께하는 CHERRY DAY!?','행복하세요~??',to_date('24/06/25','RR/MM/DD'),61,'Y',10);
Insert into TRAVELY.BOARD (BOARD_NO,BOARD_TITLE,BOARD_CONTENT,CREATE_DATE,COUNT,STATUS,USER_NO) values (SEQ_BOARD_NO.NEXTVAL,'경복궁입니다','너무 좋은 하루!',to_date('24/06/25','RR/MM/DD'),89,'Y',9);
Insert into TRAVELY.BOARD (BOARD_NO,BOARD_TITLE,BOARD_CONTENT,CREATE_DATE,COUNT,STATUS,USER_NO) values (SEQ_BOARD_NO.NEXTVAL,'승마체험후기','우리 담덕이 밥먹자~',to_date('24/06/25','RR/MM/DD'),110,'Y',18);
Insert into TRAVELY.BOARD (BOARD_NO,BOARD_TITLE,BOARD_CONTENT,CREATE_DATE,COUNT,STATUS,USER_NO) values (SEQ_BOARD_NO.NEXTVAL,'사진찍기 좋은날','?',to_date('24/06/25','RR/MM/DD'),97,'Y',11);
Insert into TRAVELY.BOARD (BOARD_NO,BOARD_TITLE,BOARD_CONTENT,CREATE_DATE,COUNT,STATUS,USER_NO) values (SEQ_BOARD_NO.NEXTVAL,'?','을왕리 해수욕장을 다녀왔어요~~',to_date('24/06/25','RR/MM/DD'),70,'Y',4);
Insert into TRAVELY.BOARD (BOARD_NO,BOARD_TITLE,BOARD_CONTENT,CREATE_DATE,COUNT,STATUS,USER_NO) values (SEQ_BOARD_NO.NEXTVAL,'만월시장 놀러오세요!!','아이유가 홍보하는 만월시장 만관부~~',to_date('24/06/25','RR/MM/DD'),50,'Y',7);
Insert into TRAVELY.BOARD (BOARD_NO,BOARD_TITLE,BOARD_CONTENT,CREATE_DATE,COUNT,STATUS,USER_NO) values (SEQ_BOARD_NO.NEXTVAL,'강원도 체험후기','너무 재밌어요!!',to_date('24/06/25','RR/MM/DD'),118,'Y',13);
Insert into TRAVELY.BOARD (BOARD_NO,BOARD_TITLE,BOARD_CONTENT,CREATE_DATE,COUNT,STATUS,USER_NO) values (SEQ_BOARD_NO.NEXTVAL,'안녕!!','기분 좋은 날~!!',to_date('24/06/25','RR/MM/DD'),15,'Y',5);
Insert into TRAVELY.BOARD (BOARD_NO,BOARD_TITLE,BOARD_CONTENT,CREATE_DATE,COUNT,STATUS,USER_NO) values (SEQ_BOARD_NO.NEXTVAL,'?','행복하다',to_date('24/06/25','RR/MM/DD'),84,'Y',6);
Insert into TRAVELY.BOARD (BOARD_NO,BOARD_TITLE,BOARD_CONTENT,CREATE_DATE,COUNT,STATUS,USER_NO) values (SEQ_BOARD_NO.NEXTVAL,'식물공원 체험했습니다 ^^','.',to_date('24/06/25','RR/MM/DD'),101,'Y',9);
Insert into TRAVELY.BOARD (BOARD_NO,BOARD_TITLE,BOARD_CONTENT,CREATE_DATE,COUNT,STATUS,USER_NO) values (SEQ_BOARD_NO.NEXTVAL,'끼야아아아앗','포항항',to_date('24/06/25','RR/MM/DD'),108,'Y',3);
Insert into TRAVELY.BOARD (BOARD_NO,BOARD_TITLE,BOARD_CONTENT,CREATE_DATE,COUNT,STATUS,USER_NO) values (SEQ_BOARD_NO.NEXTVAL,'파티?','?',to_date('24/06/25','RR/MM/DD'),67,'Y',2);
Insert into TRAVELY.BOARD (BOARD_NO,BOARD_TITLE,BOARD_CONTENT,CREATE_DATE,COUNT,STATUS,USER_NO) values (SEQ_BOARD_NO.NEXTVAL,'사랑스런 우리 영화 주인공들 ?','?',to_date('24/06/25','RR/MM/DD'),130,'Y',8);
Insert into TRAVELY.BOARD (BOARD_NO,BOARD_TITLE,BOARD_CONTENT,CREATE_DATE,COUNT,STATUS,USER_NO) values (SEQ_BOARD_NO.NEXTVAL,'랄랄랄라 랄랄랄라','나는 나비',to_date('24/06/25','RR/MM/DD'),59,'Y',12);
Insert into TRAVELY.BOARD (BOARD_NO,BOARD_TITLE,BOARD_CONTENT,CREATE_DATE,COUNT,STATUS,USER_NO) values (SEQ_BOARD_NO.NEXTVAL,'또 가고싶다','나랑 갈사람',to_date('24/06/25','RR/MM/DD'),129,'Y',12);
Insert into TRAVELY.BOARD (BOARD_NO,BOARD_TITLE,BOARD_CONTENT,CREATE_DATE,COUNT,STATUS,USER_NO) values (SEQ_BOARD_NO.NEXTVAL,'히히','ㅎㅎ',to_date('24/06/25','RR/MM/DD'),33,'Y',15);
Insert into TRAVELY.BOARD (BOARD_NO,BOARD_TITLE,BOARD_CONTENT,CREATE_DATE,COUNT,STATUS,USER_NO) values (SEQ_BOARD_NO.NEXTVAL,'Happy?','?',to_date('24/06/25','RR/MM/DD'),34,'Y',7);
Insert into TRAVELY.BOARD (BOARD_NO,BOARD_TITLE,BOARD_CONTENT,CREATE_DATE,COUNT,STATUS,USER_NO) values (SEQ_BOARD_NO.NEXTVAL,'?','?',to_date('24/06/25','RR/MM/DD'),25,'Y',4);
Insert into TRAVELY.BOARD (BOARD_NO,BOARD_TITLE,BOARD_CONTENT,CREATE_DATE,COUNT,STATUS,USER_NO) values (SEQ_BOARD_NO.NEXTVAL,'행복한 하루','해피',to_date('24/06/25','RR/MM/DD'),94,'Y',18);
Insert into TRAVELY.BOARD (BOARD_NO,BOARD_TITLE,BOARD_CONTENT,CREATE_DATE,COUNT,STATUS,USER_NO) values (SEQ_BOARD_NO.NEXTVAL,'잠실 야구장이에요 !!!!','고생하셨어요',to_date('24/06/25','RR/MM/DD'),25,'Y',2);
Insert into TRAVELY.BOARD (BOARD_NO,BOARD_TITLE,BOARD_CONTENT,CREATE_DATE,COUNT,STATUS,USER_NO) values (SEQ_BOARD_NO.NEXTVAL,'언니들이 찍어준 사진','제주 하루살이 입니다~',to_date('24/06/25','RR/MM/DD'),81,'Y',11);
Insert into TRAVELY.BOARD (BOARD_NO,BOARD_TITLE,BOARD_CONTENT,CREATE_DATE,COUNT,STATUS,USER_NO) values (SEQ_BOARD_NO.NEXTVAL,'오이도후기','?바다 좋아요 ㅎㅎㅎ',to_date('24/06/25','RR/MM/DD'),100,'Y',5);
Insert into TRAVELY.BOARD (BOARD_NO,BOARD_TITLE,BOARD_CONTENT,CREATE_DATE,COUNT,STATUS,USER_NO) values (SEQ_BOARD_NO.NEXTVAL,'너무많이 먹어요 우리','배불러....',to_date('24/06/26','RR/MM/DD'),112,'Y',19);






REM INSERTING into TRAVELY.BOARD_IMG
SET DEFINE OFF;
Insert into TRAVELY.BOARD_IMG (IMG_NO,CHANGE_NAME,FILE_LEVEL,STATUS,BOARD_NO) values (SEQ_BOARD_IMG_NO.NEXTVAL,'resources/boardUpfiles/2024062515035486260.png','1','Y',1);
Insert into TRAVELY.BOARD_IMG (IMG_NO,CHANGE_NAME,FILE_LEVEL,STATUS,BOARD_NO) values (SEQ_BOARD_IMG_NO.NEXTVAL,'resources/boardUpfiles/2024062515035410081.png','2','Y',1);
Insert into TRAVELY.BOARD_IMG (IMG_NO,CHANGE_NAME,FILE_LEVEL,STATUS,BOARD_NO) values (SEQ_BOARD_IMG_NO.NEXTVAL,'resources/boardUpfiles/2024062515035473620.png','2','Y',1);
Insert into TRAVELY.BOARD_IMG (IMG_NO,CHANGE_NAME,FILE_LEVEL,STATUS,BOARD_NO) values (SEQ_BOARD_IMG_NO.NEXTVAL,'resources/boardUpfiles/2024062515045837352.png','1','Y',2);
Insert into TRAVELY.BOARD_IMG (IMG_NO,CHANGE_NAME,FILE_LEVEL,STATUS,BOARD_NO) values (SEQ_BOARD_IMG_NO.NEXTVAL,'resources/boardUpfiles/2024062515045841732.png','2','Y',2);
Insert into TRAVELY.BOARD_IMG (IMG_NO,CHANGE_NAME,FILE_LEVEL,STATUS,BOARD_NO) values (SEQ_BOARD_IMG_NO.NEXTVAL,'resources/boardUpfiles/2024062515052192406.png','1','Y',3);
Insert into TRAVELY.BOARD_IMG (IMG_NO,CHANGE_NAME,FILE_LEVEL,STATUS,BOARD_NO) values (SEQ_BOARD_IMG_NO.NEXTVAL,'resources/boardUpfiles/2024062515052165141.png','2','Y',3);
Insert into TRAVELY.BOARD_IMG (IMG_NO,CHANGE_NAME,FILE_LEVEL,STATUS,BOARD_NO) values (SEQ_BOARD_IMG_NO.NEXTVAL,'resources/boardUpfiles/2024062515052199269.png','2','Y',3);
Insert into TRAVELY.BOARD_IMG (IMG_NO,CHANGE_NAME,FILE_LEVEL,STATUS,BOARD_NO) values (SEQ_BOARD_IMG_NO.NEXTVAL,'resources/boardUpfiles/2024062515113141325.png','1','Y',4);
Insert into TRAVELY.BOARD_IMG (IMG_NO,CHANGE_NAME,FILE_LEVEL,STATUS,BOARD_NO) values (SEQ_BOARD_IMG_NO.NEXTVAL,'resources/boardUpfiles/2024062515113164179.png','2','Y',4);
Insert into TRAVELY.BOARD_IMG (IMG_NO,CHANGE_NAME,FILE_LEVEL,STATUS,BOARD_NO) values (SEQ_BOARD_IMG_NO.NEXTVAL,'resources/boardUpfiles/2024062515113125931.png','2','Y',4);
Insert into TRAVELY.BOARD_IMG (IMG_NO,CHANGE_NAME,FILE_LEVEL,STATUS,BOARD_NO) values (SEQ_BOARD_IMG_NO.NEXTVAL,'resources/boardUpfiles/2024062515113163025.png','2','Y',4);
Insert into TRAVELY.BOARD_IMG (IMG_NO,CHANGE_NAME,FILE_LEVEL,STATUS,BOARD_NO) values (SEQ_BOARD_IMG_NO.NEXTVAL,'resources/boardUpfiles/2024062515113117938.png','2','Y',4);
Insert into TRAVELY.BOARD_IMG (IMG_NO,CHANGE_NAME,FILE_LEVEL,STATUS,BOARD_NO) values (SEQ_BOARD_IMG_NO.NEXTVAL,'resources/boardUpfiles/2024062515144767776.png','1','Y',5);
Insert into TRAVELY.BOARD_IMG (IMG_NO,CHANGE_NAME,FILE_LEVEL,STATUS,BOARD_NO) values (SEQ_BOARD_IMG_NO.NEXTVAL,'resources/boardUpfiles/2024062515144748930.png','2','Y',5);
Insert into TRAVELY.BOARD_IMG (IMG_NO,CHANGE_NAME,FILE_LEVEL,STATUS,BOARD_NO) values (SEQ_BOARD_IMG_NO.NEXTVAL,'resources/boardUpfiles/2024062515144765751.png','2','Y',5);
Insert into TRAVELY.BOARD_IMG (IMG_NO,CHANGE_NAME,FILE_LEVEL,STATUS,BOARD_NO) values (SEQ_BOARD_IMG_NO.NEXTVAL,'resources/boardUpfiles/2024062515144761231.png','2','Y',5);
Insert into TRAVELY.BOARD_IMG (IMG_NO,CHANGE_NAME,FILE_LEVEL,STATUS,BOARD_NO) values (SEQ_BOARD_IMG_NO.NEXTVAL,'resources/boardUpfiles/2024062515194339101.png','1','Y',6);
Insert into TRAVELY.BOARD_IMG (IMG_NO,CHANGE_NAME,FILE_LEVEL,STATUS,BOARD_NO) values (SEQ_BOARD_IMG_NO.NEXTVAL,'resources/boardUpfiles/2024062515230599854.png','1','Y',7);
Insert into TRAVELY.BOARD_IMG (IMG_NO,CHANGE_NAME,FILE_LEVEL,STATUS,BOARD_NO) values (SEQ_BOARD_IMG_NO.NEXTVAL,'resources/boardUpfiles/2024062515230584792.png','2','Y',7);
Insert into TRAVELY.BOARD_IMG (IMG_NO,CHANGE_NAME,FILE_LEVEL,STATUS,BOARD_NO) values (SEQ_BOARD_IMG_NO.NEXTVAL,'resources/boardUpfiles/2024062515230531360.png','2','Y',7);
Insert into TRAVELY.BOARD_IMG (IMG_NO,CHANGE_NAME,FILE_LEVEL,STATUS,BOARD_NO) values (SEQ_BOARD_IMG_NO.NEXTVAL,'resources/boardUpfiles/2024062515230567859.png','2','Y',7);
Insert into TRAVELY.BOARD_IMG (IMG_NO,CHANGE_NAME,FILE_LEVEL,STATUS,BOARD_NO) values (SEQ_BOARD_IMG_NO.NEXTVAL,'resources/boardUpfiles/2024062515264441465.png','1','Y',8);
Insert into TRAVELY.BOARD_IMG (IMG_NO,CHANGE_NAME,FILE_LEVEL,STATUS,BOARD_NO) values (SEQ_BOARD_IMG_NO.NEXTVAL,'resources/boardUpfiles/2024062515472063090.png','1','Y',9);
Insert into TRAVELY.BOARD_IMG (IMG_NO,CHANGE_NAME,FILE_LEVEL,STATUS,BOARD_NO) values (SEQ_BOARD_IMG_NO.NEXTVAL,'resources/boardUpfiles/2024062515503781185.png','1','Y',10);
Insert into TRAVELY.BOARD_IMG (IMG_NO,CHANGE_NAME,FILE_LEVEL,STATUS,BOARD_NO) values (SEQ_BOARD_IMG_NO.NEXTVAL,'resources/boardUpfiles/2024062515503725489.png','2','Y',10);
Insert into TRAVELY.BOARD_IMG (IMG_NO,CHANGE_NAME,FILE_LEVEL,STATUS,BOARD_NO) values (SEQ_BOARD_IMG_NO.NEXTVAL,'resources/boardUpfiles/2024062515503776417.png','2','Y',10);
Insert into TRAVELY.BOARD_IMG (IMG_NO,CHANGE_NAME,FILE_LEVEL,STATUS,BOARD_NO) values (SEQ_BOARD_IMG_NO.NEXTVAL,'resources/boardUpfiles/2024062515532866136.png','1','Y',11);
Insert into TRAVELY.BOARD_IMG (IMG_NO,CHANGE_NAME,FILE_LEVEL,STATUS,BOARD_NO) values (SEQ_BOARD_IMG_NO.NEXTVAL,'resources/boardUpfiles/2024062516003997133.png','1','Y',12);
Insert into TRAVELY.BOARD_IMG (IMG_NO,CHANGE_NAME,FILE_LEVEL,STATUS,BOARD_NO) values (SEQ_BOARD_IMG_NO.NEXTVAL,'resources/boardUpfiles/2024062516003913042.png','2','Y',12);
Insert into TRAVELY.BOARD_IMG (IMG_NO,CHANGE_NAME,FILE_LEVEL,STATUS,BOARD_NO) values (SEQ_BOARD_IMG_NO.NEXTVAL,'resources/boardUpfiles/2024062516042262912.png','1','Y',13);
Insert into TRAVELY.BOARD_IMG (IMG_NO,CHANGE_NAME,FILE_LEVEL,STATUS,BOARD_NO) values (SEQ_BOARD_IMG_NO.NEXTVAL,'resources/boardUpfiles/2024062516042272358.png','2','Y',13);
Insert into TRAVELY.BOARD_IMG (IMG_NO,CHANGE_NAME,FILE_LEVEL,STATUS,BOARD_NO) values (SEQ_BOARD_IMG_NO.NEXTVAL,'resources/boardUpfiles/2024062516042290856.png','2','Y',13);
Insert into TRAVELY.BOARD_IMG (IMG_NO,CHANGE_NAME,FILE_LEVEL,STATUS,BOARD_NO) values (SEQ_BOARD_IMG_NO.NEXTVAL,'resources/boardUpfiles/2024062516503832718.png','1','Y',14);
Insert into TRAVELY.BOARD_IMG (IMG_NO,CHANGE_NAME,FILE_LEVEL,STATUS,BOARD_NO) values (SEQ_BOARD_IMG_NO.NEXTVAL,'resources/boardUpfiles/2024062516554034415.png','1','Y',15);
Insert into TRAVELY.BOARD_IMG (IMG_NO,CHANGE_NAME,FILE_LEVEL,STATUS,BOARD_NO) values (SEQ_BOARD_IMG_NO.NEXTVAL,'resources/boardUpfiles/2024062516554020346.png','2','Y',15);
Insert into TRAVELY.BOARD_IMG (IMG_NO,CHANGE_NAME,FILE_LEVEL,STATUS,BOARD_NO) values (SEQ_BOARD_IMG_NO.NEXTVAL,'resources/boardUpfiles/2024062516554018076.png','2','Y',15);
Insert into TRAVELY.BOARD_IMG (IMG_NO,CHANGE_NAME,FILE_LEVEL,STATUS,BOARD_NO) values (SEQ_BOARD_IMG_NO.NEXTVAL,'resources/boardUpfiles/2024062516554039807.png','2','Y',15);
Insert into TRAVELY.BOARD_IMG (IMG_NO,CHANGE_NAME,FILE_LEVEL,STATUS,BOARD_NO) values (SEQ_BOARD_IMG_NO.NEXTVAL,'resources/boardUpfiles/2024062517020584620.png','1','Y',16);
Insert into TRAVELY.BOARD_IMG (IMG_NO,CHANGE_NAME,FILE_LEVEL,STATUS,BOARD_NO) values (SEQ_BOARD_IMG_NO.NEXTVAL,'resources/boardUpfiles/2024062517020596843.png','2','Y',16);
Insert into TRAVELY.BOARD_IMG (IMG_NO,CHANGE_NAME,FILE_LEVEL,STATUS,BOARD_NO) values (SEQ_BOARD_IMG_NO.NEXTVAL,'resources/boardUpfiles/2024062517020577407.png','2','Y',16);
Insert into TRAVELY.BOARD_IMG (IMG_NO,CHANGE_NAME,FILE_LEVEL,STATUS,BOARD_NO) values (SEQ_BOARD_IMG_NO.NEXTVAL,'resources/boardUpfiles/2024062517063419004.png','1','Y',17);
Insert into TRAVELY.BOARD_IMG (IMG_NO,CHANGE_NAME,FILE_LEVEL,STATUS,BOARD_NO) values (SEQ_BOARD_IMG_NO.NEXTVAL,'resources/boardUpfiles/2024062517063445648.png','2','Y',17);
Insert into TRAVELY.BOARD_IMG (IMG_NO,CHANGE_NAME,FILE_LEVEL,STATUS,BOARD_NO) values (SEQ_BOARD_IMG_NO.NEXTVAL,'resources/boardUpfiles/2024062517063442139.png','2','Y',17);
Insert into TRAVELY.BOARD_IMG (IMG_NO,CHANGE_NAME,FILE_LEVEL,STATUS,BOARD_NO) values (SEQ_BOARD_IMG_NO.NEXTVAL,'resources/boardUpfiles/2024062517115417300.png','1','Y',18);
Insert into TRAVELY.BOARD_IMG (IMG_NO,CHANGE_NAME,FILE_LEVEL,STATUS,BOARD_NO) values (SEQ_BOARD_IMG_NO.NEXTVAL,'resources/boardUpfiles/2024062517115433585.png','2','Y',18);
Insert into TRAVELY.BOARD_IMG (IMG_NO,CHANGE_NAME,FILE_LEVEL,STATUS,BOARD_NO) values (SEQ_BOARD_IMG_NO.NEXTVAL,'resources/boardUpfiles/2024062517115492245.png','2','Y',18);
Insert into TRAVELY.BOARD_IMG (IMG_NO,CHANGE_NAME,FILE_LEVEL,STATUS,BOARD_NO) values (SEQ_BOARD_IMG_NO.NEXTVAL,'resources/boardUpfiles/2024062517151931247.png','1','Y',19);
Insert into TRAVELY.BOARD_IMG (IMG_NO,CHANGE_NAME,FILE_LEVEL,STATUS,BOARD_NO) values (SEQ_BOARD_IMG_NO.NEXTVAL,'resources/boardUpfiles/2024062517151999186.png','2','Y',19);
Insert into TRAVELY.BOARD_IMG (IMG_NO,CHANGE_NAME,FILE_LEVEL,STATUS,BOARD_NO) values (SEQ_BOARD_IMG_NO.NEXTVAL,'resources/boardUpfiles/2024062517222244633.png','1','Y',20);
Insert into TRAVELY.BOARD_IMG (IMG_NO,CHANGE_NAME,FILE_LEVEL,STATUS,BOARD_NO) values (SEQ_BOARD_IMG_NO.NEXTVAL,'resources/boardUpfiles/2024062517222294803.png','2','Y',20);
Insert into TRAVELY.BOARD_IMG (IMG_NO,CHANGE_NAME,FILE_LEVEL,STATUS,BOARD_NO) values (SEQ_BOARD_IMG_NO.NEXTVAL,'resources/boardUpfiles/2024062517222296626.png','2','Y',20);
Insert into TRAVELY.BOARD_IMG (IMG_NO,CHANGE_NAME,FILE_LEVEL,STATUS,BOARD_NO) values (SEQ_BOARD_IMG_NO.NEXTVAL,'resources/boardUpfiles/2024062517251596684.png','1','Y',21);
Insert into TRAVELY.BOARD_IMG (IMG_NO,CHANGE_NAME,FILE_LEVEL,STATUS,BOARD_NO) values (SEQ_BOARD_IMG_NO.NEXTVAL,'resources/boardUpfiles/2024062517251595442.png','2','Y',21);
Insert into TRAVELY.BOARD_IMG (IMG_NO,CHANGE_NAME,FILE_LEVEL,STATUS,BOARD_NO) values (SEQ_BOARD_IMG_NO.NEXTVAL,'resources/boardUpfiles/2024062517251599845.png','2','Y',21);
Insert into TRAVELY.BOARD_IMG (IMG_NO,CHANGE_NAME,FILE_LEVEL,STATUS,BOARD_NO) values (SEQ_BOARD_IMG_NO.NEXTVAL,'resources/boardUpfiles/2024062517251528383.png','2','Y',21);
Insert into TRAVELY.BOARD_IMG (IMG_NO,CHANGE_NAME,FILE_LEVEL,STATUS,BOARD_NO) values (SEQ_BOARD_IMG_NO.NEXTVAL,'resources/boardUpfiles/2024062517282485426.png','1','Y',22);
Insert into TRAVELY.BOARD_IMG (IMG_NO,CHANGE_NAME,FILE_LEVEL,STATUS,BOARD_NO) values (SEQ_BOARD_IMG_NO.NEXTVAL,'resources/boardUpfiles/2024062517282410088.png','2','Y',22);
Insert into TRAVELY.BOARD_IMG (IMG_NO,CHANGE_NAME,FILE_LEVEL,STATUS,BOARD_NO) values (SEQ_BOARD_IMG_NO.NEXTVAL,'resources/boardUpfiles/2024062517572971558.png','1','Y',27);
Insert into TRAVELY.BOARD_IMG (IMG_NO,CHANGE_NAME,FILE_LEVEL,STATUS,BOARD_NO) values (SEQ_BOARD_IMG_NO.NEXTVAL,'resources/boardUpfiles/2024062518042967218.png','1','Y',28);
Insert into TRAVELY.BOARD_IMG (IMG_NO,CHANGE_NAME,FILE_LEVEL,STATUS,BOARD_NO) values (SEQ_BOARD_IMG_NO.NEXTVAL,'resources/boardUpfiles/2024062517470655671.png','1','Y',25);
Insert into TRAVELY.BOARD_IMG (IMG_NO,CHANGE_NAME,FILE_LEVEL,STATUS,BOARD_NO) values (SEQ_BOARD_IMG_NO.NEXTVAL,'resources/boardUpfiles/2024062517470659588.png','2','Y',25);
Insert into TRAVELY.BOARD_IMG (IMG_NO,CHANGE_NAME,FILE_LEVEL,STATUS,BOARD_NO) values (SEQ_BOARD_IMG_NO.NEXTVAL,'resources/boardUpfiles/2024062517385632095.png','1','Y',24);
Insert into TRAVELY.BOARD_IMG (IMG_NO,CHANGE_NAME,FILE_LEVEL,STATUS,BOARD_NO) values (SEQ_BOARD_IMG_NO.NEXTVAL,'resources/boardUpfiles/2024062517385623101.png','2','Y',24);
Insert into TRAVELY.BOARD_IMG (IMG_NO,CHANGE_NAME,FILE_LEVEL,STATUS,BOARD_NO) values (SEQ_BOARD_IMG_NO.NEXTVAL,'resources/boardUpfiles/2024062517393843926.png','1','Y',23);
Insert into TRAVELY.BOARD_IMG (IMG_NO,CHANGE_NAME,FILE_LEVEL,STATUS,BOARD_NO) values (SEQ_BOARD_IMG_NO.NEXTVAL,'resources/boardUpfiles/2024062517375881840.png','2','Y',23);
Insert into TRAVELY.BOARD_IMG (IMG_NO,CHANGE_NAME,FILE_LEVEL,STATUS,BOARD_NO) values (SEQ_BOARD_IMG_NO.NEXTVAL,'resources/boardUpfiles/2024062517375830628.png','2','Y',23);
Insert into TRAVELY.BOARD_IMG (IMG_NO,CHANGE_NAME,FILE_LEVEL,STATUS,BOARD_NO) values (SEQ_BOARD_IMG_NO.NEXTVAL,'resources/boardUpfiles/2024062517393895371.png','2','Y',23);
Insert into TRAVELY.BOARD_IMG (IMG_NO,CHANGE_NAME,FILE_LEVEL,STATUS,BOARD_NO) values (SEQ_BOARD_IMG_NO.NEXTVAL,'resources/boardUpfiles/2024062518042997301.png','2','Y',28);
Insert into TRAVELY.BOARD_IMG (IMG_NO,CHANGE_NAME,FILE_LEVEL,STATUS,BOARD_NO) values (SEQ_BOARD_IMG_NO.NEXTVAL,'resources/boardUpfiles/2024062517470664955.png','2','Y',25);
Insert into TRAVELY.BOARD_IMG (IMG_NO,CHANGE_NAME,FILE_LEVEL,STATUS,BOARD_NO) values (SEQ_BOARD_IMG_NO.NEXTVAL,'resources/boardUpfiles/2024062517550128979.png','1','Y',26);
Insert into TRAVELY.BOARD_IMG (IMG_NO,CHANGE_NAME,FILE_LEVEL,STATUS,BOARD_NO) values (SEQ_BOARD_IMG_NO.NEXTVAL,'resources/boardUpfiles/2024062518042934491.png','2','Y',28);
Insert into TRAVELY.BOARD_IMG (IMG_NO,CHANGE_NAME,FILE_LEVEL,STATUS,BOARD_NO) values (SEQ_BOARD_IMG_NO.NEXTVAL,'resources/boardUpfiles/2024062518091990925.png','1','Y',29);
Insert into TRAVELY.BOARD_IMG (IMG_NO,CHANGE_NAME,FILE_LEVEL,STATUS,BOARD_NO) values (SEQ_BOARD_IMG_NO.NEXTVAL,'resources/boardUpfiles/2024062518091977985.png','2','Y',29);
Insert into TRAVELY.BOARD_IMG (IMG_NO,CHANGE_NAME,FILE_LEVEL,STATUS,BOARD_NO) values (SEQ_BOARD_IMG_NO.NEXTVAL,'resources/boardUpfiles/2024062518091943646.png','2','Y',29);
Insert into TRAVELY.BOARD_IMG (IMG_NO,CHANGE_NAME,FILE_LEVEL,STATUS,BOARD_NO) values (SEQ_BOARD_IMG_NO.NEXTVAL,'resources/boardUpfiles/2024062518153867458.png','1','Y',30);
Insert into TRAVELY.BOARD_IMG (IMG_NO,CHANGE_NAME,FILE_LEVEL,STATUS,BOARD_NO) values (SEQ_BOARD_IMG_NO.NEXTVAL,'resources/boardUpfiles/2024062518153870465.png','2','Y',30);
Insert into TRAVELY.BOARD_IMG (IMG_NO,CHANGE_NAME,FILE_LEVEL,STATUS,BOARD_NO) values (SEQ_BOARD_IMG_NO.NEXTVAL,'resources/boardUpfiles/2024062518153860801.png','2','Y',30);
Insert into TRAVELY.BOARD_IMG (IMG_NO,CHANGE_NAME,FILE_LEVEL,STATUS,BOARD_NO) values (SEQ_BOARD_IMG_NO.NEXTVAL,'resources/boardUpfiles/2024062518195046675.png','1','Y',31);
Insert into TRAVELY.BOARD_IMG (IMG_NO,CHANGE_NAME,FILE_LEVEL,STATUS,BOARD_NO) values (SEQ_BOARD_IMG_NO.NEXTVAL,'resources/boardUpfiles/2024062518195058457.png','2','Y',31);
Insert into TRAVELY.BOARD_IMG (IMG_NO,CHANGE_NAME,FILE_LEVEL,STATUS,BOARD_NO) values (SEQ_BOARD_IMG_NO.NEXTVAL,'resources/boardUpfiles/2024062518195092834.png','2','Y',31);
Insert into TRAVELY.BOARD_IMG (IMG_NO,CHANGE_NAME,FILE_LEVEL,STATUS,BOARD_NO) values 
(SEQ_BOARD_IMG_NO.NEXTVAL,'resources/boardUpfiles/2024062609505919471.png','1','Y',32);
Insert into TRAVELY.BOARD_IMG (IMG_NO,CHANGE_NAME,FILE_LEVEL,STATUS,BOARD_NO) values 
(SEQ_BOARD_IMG_NO.NEXTVAL,'resources/boardUpfiles/2024062609505945276.png','2','Y',32);
Insert into TRAVELY.BOARD_IMG (IMG_NO,CHANGE_NAME,FILE_LEVEL,STATUS,BOARD_NO) values 
(SEQ_BOARD_IMG_NO.NEXTVAL,'resources/boardUpfiles/2024062609505949902.png','2','Y',32);
Insert into TRAVELY.BOARD_IMG (IMG_NO,CHANGE_NAME,FILE_LEVEL,STATUS,BOARD_NO) values 
(SEQ_BOARD_IMG_NO.NEXTVAL,'resources/boardUpfiles/2024062609505918505.png','2','Y',32);
COMMIT;

-- 댓글 내용을 담은 배열 생성
DECLARE
    TYPE comments_array IS VARRAY(10) OF VARCHAR2(300);
    comments comments_array := comments_array(
        '정말 멋진 여행지네요! 꼭 가보고 싶어요.',
        '사진이 너무 아름다워요! 잘 봤습니다.',
        '여행 후기 정말 공감돼요. 좋은 정보 감사합니다!',
        '여행 가고 싶어지네요! 좋은 글 감사합니다.',
        '풍경이 너무 멋져요! 가슴이 뻥 뚫리네요.',
        '여행지 선택에 많은 도움이 됐어요. 고마워요!',
        '정말 꿈같은 여행이었겠어요. 부러워요!',
        '멋진 사진들 덕분에 대리만족하고 갑니다!',
        '여행 정보가 유익했어요. 감사해요!',
        '정말 좋은 경험이었을 것 같아요. 잘 읽었어요!'
    );
BEGIN
    FOR b_no IN 1..32 LOOP
        DECLARE
            used_comments comments_array := comments_array();
        BEGIN
            FOR i IN 1..3 LOOP
                -- 중복되지 않는 댓글 내용 선택
                LOOP
                    EXIT WHEN used_comments.COUNT = 10; -- 모든 댓글을 사용한 경우 루프 종료
                    DECLARE
                        idx PLS_INTEGER := ROUND(DBMS_RANDOM.VALUE(1, 10));
                        new_comment VARCHAR2(300) := comments(idx);
                        random_hours NUMBER := ROUND(DBMS_RANDOM.VALUE(1, 24));
                    BEGIN
                        IF NOT used_comments.EXISTS(idx) THEN
                            used_comments.EXTEND;
                            used_comments(used_comments.COUNT) := new_comment;

                            INSERT INTO REPLY (REPLY_NO, REPLY_CONTENT, CREATE_DATE, MODIFY_DATE, STATUS, USER_NO, BOARD_NO)
                            VALUES (SEQ_REPLY_NO.NEXTVAL, 
                                    new_comment, 
                                    SYSDATE - (random_hours / 24), 
                                    NULL, 
                                    'Y', 
                                    ROUND(DBMS_RANDOM.VALUE(2, 19)), 
                                    b_no);
                            EXIT;
                        END IF;
                    END;
                END LOOP;
            END LOOP;
        END;
    END LOOP;
END;
/

COMMIT;

BEGIN
    FOR user_id IN 2..19 LOOP
        FOR i IN 1..5 LOOP  -- 한 유저가 최대 5개의 게시물에 좋아요를 누름
            INSERT INTO BOARD_LIKE (USER_NO, BOARD_NO)
            VALUES (user_id, ROUND(DBMS_RANDOM.VALUE(1, 32)));
        END LOOP;
    END LOOP;
END;
/

-- 공지사항 더미데이터
Insert into TRAVELY.NOTICE (NOTICE_NO,NOTICE_TITLE,NOTICE_CONTENT,CHANGE_NAME,CREATE_DATE,STATUS) values (SEQ_NOTICE_NO.NEXTVAL,'여행 플래너 커뮤니티에 오신 것을 환영합니다!','여행 플래너 커뮤니티에 오신 것을 환영합니다. 업데이트를 기대해 주세요!','resources/noticeUpfiles/2024062617071410801.jpg',to_date('24/05/27','RR/MM/DD'),'Y');
Insert into TRAVELY.NOTICE (NOTICE_NO,NOTICE_TITLE,NOTICE_CONTENT,CHANGE_NAME,CREATE_DATE,STATUS) values (SEQ_NOTICE_NO.NEXTVAL,'새 기능: 여행 공유','이제 다른 회원들과 여행을 공유할 수 있습니다. 확인해 보세요!','resources/noticeUpfiles/2024062614192860735.jpg',to_date('24/05/29','RR/MM/DD'),'Y');
Insert into TRAVELY.NOTICE (NOTICE_NO,NOTICE_TITLE,NOTICE_CONTENT,CHANGE_NAME,CREATE_DATE,STATUS) values (SEQ_NOTICE_NO.NEXTVAL,'커뮤니티 가이드라인','친근한 환경을 위해 커뮤니티 가이드라인을 읽어 주세요.','resources/noticeUpfiles/2024062617263175485.png',to_date('24/05/30','RR/MM/DD'),'Y');
Insert into TRAVELY.NOTICE (NOTICE_NO,NOTICE_TITLE,NOTICE_CONTENT,CHANGE_NAME,CREATE_DATE,STATUS) values (SEQ_NOTICE_NO.NEXTVAL,'저렴한 여행 계획 팁','저렴한 여행을 계획하는 데 도움이 되는 몇 가지 팁입니다.','resources/noticeUpfiles/2024062614195263639.jpg',to_date('24/06/01','RR/MM/DD'),'Y');
Insert into TRAVELY.NOTICE (NOTICE_NO,NOTICE_TITLE,NOTICE_CONTENT,CHANGE_NAME,CREATE_DATE,STATUS) values (SEQ_NOTICE_NO.NEXTVAL,'여행 중 안전 수칙','여행 중 안전을 위한 필수 수칙입니다.','resources/noticeUpfiles/2024062614200847126.png',to_date('24/06/04','RR/MM/DD'),'Y');
Insert into TRAVELY.NOTICE (NOTICE_NO,NOTICE_TITLE,NOTICE_CONTENT,CHANGE_NAME,CREATE_DATE,STATUS) values (SEQ_NOTICE_NO.NEXTVAL,'2024년 최고의 여행지','2024년 최고의 여행지를 확인해 보세요.','resources/noticeUpfiles/2024062614202316378.png',to_date('24/06/06','RR/MM/DD'),'Y');
Insert into TRAVELY.NOTICE (NOTICE_NO,NOTICE_TITLE,NOTICE_CONTENT,CHANGE_NAME,CREATE_DATE,STATUS) values (SEQ_NOTICE_NO.NEXTVAL,'여행 보험 가이드','여행 보험에 대한 모든 것을 알아보세요.','resources/noticeUpfiles/2024062614203074887.jpg',to_date('24/06/08','RR/MM/DD'),'Y');
Insert into TRAVELY.NOTICE (NOTICE_NO,NOTICE_TITLE,NOTICE_CONTENT,CHANGE_NAME,CREATE_DATE,STATUS) values (SEQ_NOTICE_NO.NEXTVAL,'여행 짐 꾸리기 체크리스트','짐을 빠뜨리지 않도록 이 체크리스트를 사용하세요.','resources/noticeUpfiles/2024062614203829283.png',to_date('24/06/09','RR/MM/DD'),'Y');
Insert into TRAVELY.NOTICE (NOTICE_NO,NOTICE_TITLE,NOTICE_CONTENT,CHANGE_NAME,CREATE_DATE,STATUS) values (SEQ_NOTICE_NO.NEXTVAL,'여행 중 건강 관리','여행 중 건강을 유지하는 방법에 대한 조언입니다.','resources/noticeUpfiles/2024062617295599972.jpg',to_date('24/06/11','RR/MM/DD'),'Y');
Insert into TRAVELY.NOTICE (NOTICE_NO,NOTICE_TITLE,NOTICE_CONTENT,CHANGE_NAME,CREATE_DATE,STATUS) values (SEQ_NOTICE_NO.NEXTVAL,'커뮤니티 이벤트 안내','다양한 커뮤니티 이벤트에 참여해 보세요.','resources/noticeUpfiles/2024062617141532229.jpg',to_date('24/06/16','RR/MM/DD'),'Y');
Insert into TRAVELY.NOTICE (NOTICE_NO,NOTICE_TITLE,NOTICE_CONTENT,CHANGE_NAME,CREATE_DATE,STATUS) values (SEQ_NOTICE_NO.NEXTVAL,'여행 사진 콘테스트','여행 사진 콘테스트에 참여하고 멋진 상을 받아가세요.','resources/noticeUpfiles/2024062617094712637.png',to_date('24/06/18','RR/MM/DD'),'Y');
Insert into TRAVELY.NOTICE (NOTICE_NO,NOTICE_TITLE,NOTICE_CONTENT,CHANGE_NAME,CREATE_DATE,STATUS) values (SEQ_NOTICE_NO.NEXTVAL,'여행 중 긴급 상황 대처법','여행 중 긴급 상황에서 대처하는 방법을 알아보세요.','resources/noticeUpfiles/2024062617102570198.png',to_date('24/06/22','RR/MM/DD'),'Y');
Insert into TRAVELY.NOTICE (NOTICE_NO,NOTICE_TITLE,NOTICE_CONTENT,CHANGE_NAME,CREATE_DATE,STATUS) values (SEQ_NOTICE_NO.NEXTVAL,'여행 추천 도서','여행 중 읽기 좋은 추천 도서를 소개합니다.','resources/noticeUpfiles/2024062617103248035.jpg',to_date('24/06/24','RR/MM/DD'),'Y');
Insert into TRAVELY.NOTICE (NOTICE_NO,NOTICE_TITLE,NOTICE_CONTENT,CHANGE_NAME,CREATE_DATE,STATUS) values (SEQ_NOTICE_NO.NEXTVAL,'여행 시 유용한 어플','여행 중 유용하게 사용할 수 있는 어플을 추천합니다.','resources/noticeUpfiles/2024062615233452664.png',to_date('24/05/30','RR/MM/DD'),'Y');
Insert into TRAVELY.NOTICE (NOTICE_NO,NOTICE_TITLE,NOTICE_CONTENT,CHANGE_NAME,CREATE_DATE,STATUS) values (SEQ_NOTICE_NO.NEXTVAL,'해외 여행 시 주의사항','해외 여행 시 주의해야 할 사항들을 정리했습니다.','resources/noticeUpfiles/2024062617312174608.png',to_date('24/06/01','RR/MM/DD'),'Y');
Insert into TRAVELY.NOTICE (NOTICE_NO,NOTICE_TITLE,NOTICE_CONTENT,CHANGE_NAME,CREATE_DATE,STATUS) values (SEQ_NOTICE_NO.NEXTVAL,'국내 여행지 추천','국내에서 즐길 수 있는 추천 여행지를 소개합니다.','resources/noticeUpfiles/2024062615483324905.jpg',to_date('24/06/03','RR/MM/DD'),'Y');
Insert into TRAVELY.NOTICE (NOTICE_NO,NOTICE_TITLE,NOTICE_CONTENT,CHANGE_NAME,CREATE_DATE,STATUS) values (SEQ_NOTICE_NO.NEXTVAL,'여행 중 지켜야 할 에티켓','여행 중 반드시 지켜야 할 에티켓을 알아보세요.','resources/noticeUpfiles/2024062615231373328.jpg',to_date('24/06/08','RR/MM/DD'),'Y');
Insert into TRAVELY.NOTICE (NOTICE_NO,NOTICE_TITLE,NOTICE_CONTENT,CHANGE_NAME,CREATE_DATE,STATUS) values (SEQ_NOTICE_NO.NEXTVAL,'여행 관련 FAQ','빠른 시일 내 여행과 관련된 자주 묻는 질문들을 정리하여 올리겠습니다.','resources/noticeUpfiles/2024062617215992856.jpg',to_date('24/06/10','RR/MM/DD'),'Y');
Insert into TRAVELY.NOTICE (NOTICE_NO,NOTICE_TITLE,NOTICE_CONTENT,CHANGE_NAME,CREATE_DATE,STATUS) values (SEQ_NOTICE_NO.NEXTVAL,'여행 중 유용한 물품','여행 중 유용하게 사용할 수 있는 물품을 추천합니다.','resources/noticeUpfiles/2024062615263668047.png',to_date('24/06/18','RR/MM/DD'),'Y');
Insert into TRAVELY.NOTICE (NOTICE_NO,NOTICE_TITLE,NOTICE_CONTENT,CHANGE_NAME,CREATE_DATE,STATUS) values (SEQ_NOTICE_NO.NEXTVAL,'여행자 보험 필요성','여행자 보험의 필요성과 가입 방법을 안내합니다.','resources/noticeUpfiles/2024062617291123382.jpg',to_date('24/06/20','RR/MM/DD'),'Y');
Insert into TRAVELY.NOTICE (NOTICE_NO,NOTICE_TITLE,NOTICE_CONTENT,CHANGE_NAME,CREATE_DATE,STATUS) values (SEQ_NOTICE_NO.NEXTVAL,'여행 준비 단계별 가이드','여행 준비의 단계별 가이드를 제공합니다.','resources/noticeUpfiles/2024062615224687364.png',to_date('24/06/24','RR/MM/DD'),'Y');


COMMIT;